Code,Name,TradeVolume,TradeValue,OpeningPrice,HighestPrice,LowestPrice,ClosingPrice,Change,Transaction
0050,元大台灣50,10250583,1969313776,192.60,192.85,191.55,191.80,-0.7,14725
0051,元大中型100,50538,4323510,85.65,85.65,85.35,85.55,0.3,270
0052,富邦科技,957307,182008989,191.40,191.40,189.70,189.80,-0.9,1526
0053,元大電子,11107,1160069,104.45,104.50,104.45,104.50,0.3,140
0055,元大MSCI金融,206100,5910751,28.64,28.76,28.63,28.70,0.12,293
0056,元大高股息,36938826,1548516180,41.90,42.01,41.85,41.94,0.06,23097
0057,富邦摩台,24317,3427109,141.25,141.25,140.80,141.05,-0.2,93
0061,元大寶滬深,376929,6297952,16.82,16.86,16.66,16.66,-0.21,246
006203,元大MSCI台灣,4934,446414,90.60,90.60,90.50,90.50,0.1,98
006204,永豐臺灣加權,5160,606132,117.95,117.95,117.40,117.40,0.15,110
006205,富邦上証,676249,19624049,29.33,29.33,28.82,28.93,-0.4,310
006206,元大上證50,140999,3901283,28.03,28.03,27.51,27.76,-0.29,163
006207,復華滬深,247452,5351199,21.90,21.90,21.50,21.60,-0.3,63
006208,富邦台50,7898140,888898144,112.70,112.95,112.30,112.40,-0.25,14189
00625K,富邦上証+R,,,,,,,0.0,
00631L,元大台灣50正2,2752178,727842855,265.15,265.90,263.00,263.20,-1.5,4858
00632R,元大台灣50反1,102158423,338010503,3.31,3.32,3.30,3.31,0.0,3325
00633L,富邦上証正2,11610615,379565275,33.50,33.70,32.25,32.37,-1.21,2827
00634R,富邦上証反1,520310,2460554,4.67,4.76,4.67,4.74,0.07,36
00635U,期元大S&P黃金,341774,9492329,27.78,27.81,27.73,27.80,0.05,127
00636,國泰中國A50,4294918,86736793,20.53,20.53,20.08,20.15,-0.4,804
00636K,國泰中國A50+U,200,1244,6.22,6.22,6.22,6.22,-0.11,2
00637L,元大滬深300正2,125848361,1650435860,13.47,13.53,12.96,12.98,-0.5,13216
00638R,元大滬深300反1,479250,4725890,9.76,9.93,9.74,9.92,0.15,81
00639,富邦深100,1613329,16033256,10.03,10.03,9.88,9.94,-0.12,417
00640L,富邦日本正2,656900,41647288,63.60,63.85,63.00,63.10,-0.7,321
00641R,富邦日本反1,379343,2322455,6.12,6.14,6.10,6.13,0.02,73
00642U,期元大S&P石油,1957216,37061278,18.97,18.98,18.88,18.90,0.07,393
00643,群益深証中小,1404691,15493189,11.14,11.14,10.93,11.02,-0.14,265
00643K,群益深証中小+R,,,,,,,0.0,
00645,富邦日本,1463188,58489856,40.10,40.12,39.83,39.85,-0.19,548
00646,元大S&P500,4075281,228847677,56.20,56.25,56.00,56.20,-0.1,1725
00647L,元大S&P500正2,204499,18692957,91.40,91.50,91.30,91.50,0.05,59
00648R,元大S&P500反1,123250,674709,5.47,5.48,5.47,5.48,0.01,23
00650L,復華香港正2,23994220,245448366,10.39,10.43,10.10,10.10,-0.17,1789
00651R,復華香港反1,526800,4610732,8.74,8.81,8.68,8.81,0.07,83
00652,富邦印度,492124,19549049,39.94,39.94,39.61,39.67,-0.29,468
00653L,富邦印度正2,186115,12031804,64.90,65.00,64.25,64.70,-0.4,161
00654R,富邦印度反1,37000,235700,6.36,6.38,6.36,6.37,0.03,12
00655L,國泰中國A50正2,6056827,134815505,22.81,22.96,21.94,22.05,-0.79,1256
00656R,國泰中國A50反1,456009,4036310,8.75,8.92,8.75,8.91,0.18,58
00657,國泰日經225,46387,2219477,47.83,47.98,47.70,47.83,0.0,99
00657K,國泰日經225+U,200,2942,14.71,14.71,14.71,14.71,0.04,2
00660,元大歐洲50,17052,615701,36.05,36.20,36.05,36.15,0.28,99
00661,元大日經225,731935,38295899,52.35,52.50,52.15,52.20,-0.1,254
00662,富邦NASDAQ,2819060,237989348,84.45,84.55,84.25,84.40,-0.25,1498
00663L,國泰臺灣加權正2,13019,3140296,241.10,241.45,241.10,241.25,0.45,12
00664R,國泰臺灣加權反1,5321264,19982307,3.76,3.77,3.75,3.76,0.01,233
00665L,富邦恒生國企正2,50653448,351666599,7.03,7.10,6.83,6.85,-0.12,3304
00666R,富邦恒生國企反1,100000,1443230,14.41,14.63,14.35,14.63,0.11,35
00668,國泰美國道瓊,40420,1875320,46.46,46.46,46.32,46.38,-0.08,92
00668K,國泰美國道瓊+U,200,2860,14.30,14.30,14.30,14.30,0.03,2
00669R,國泰美國道瓊反1,2227020,15913413,7.15,7.16,7.14,7.15,-0.02,79
00670L,富邦NASDAQ正2,516461,68527720,132.65,132.95,132.55,132.95,0.3,363
00671R,富邦NASDAQ反1,2528698,9289920,3.68,3.68,3.67,3.68,0.0,120
00673R,期元大S&P原油反1,25881724,178858851,6.91,6.93,6.90,6.93,-0.03,1564
00674R,期元大S&P黃金反1,707005,7472092,10.59,10.59,10.55,10.57,-0.02,142
00675L,富邦臺灣加權正2,2184816,231205245,106.20,106.40,105.25,105.35,-0.55,2735
00676R,富邦臺灣加權反1,4360000,9107190,2.08,2.10,2.08,2.09,0.01,145
00678,群益那斯達克生技,279357,8024215,28.76,28.77,28.70,28.77,-0.06,48
00680L,元大美債20正2,26237344,221652428,8.45,8.47,8.43,8.46,0.02,2279
00681R,元大美債20反1,179000,3675380,20.54,20.56,20.53,20.56,-0.04,11
00682U,期元大美元指數,9010,191552,21.27,21.27,21.25,21.25,-0.06,7
00683L,期元大美元指正2,93000,2142470,23.08,23.08,23.01,23.01,-0.15,23
00684R,期元大美元指反1,5000,76500,15.30,15.30,15.30,15.30,0.0,3
00685L,群益臺灣加權正2,387662,36512533,94.50,94.70,93.65,93.75,-0.55,303
00686R,群益臺灣加權反1,367153,823660,2.24,2.25,2.23,2.24,-0.01,32
00688L,國泰20年美債正2,15295132,128551244,8.39,8.43,8.38,8.43,0.04,1078
00689R,國泰20年美債反1,1000,21290,21.29,21.29,21.29,21.29,-0.05,1
00690,兆豐藍籌30,582809,21179998,36.42,36.45,36.27,36.32,-0.1,402
00692,富邦公司治理,2377372,107978876,45.44,45.60,45.31,45.31,-0.12,1986
00693U,期街口S&P黃豆,130250,2998336,23.05,23.06,22.98,23.06,0.05,55
00700,富邦恒生國企,340518,4407710,13.05,13.11,12.83,12.85,-0.16,137
00701,國泰股利精選30,485119,14207891,29.24,29.35,29.23,29.25,0.05,527
00702,國泰標普低波高息,167278,3888686,23.34,23.34,23.14,23.28,-0.02,110
00703,台新MSCI中國,58228,898117,15.55,15.55,15.34,15.35,-0.21,13
00706L,期元大S&P日圓正2,3550483,20510562,5.75,5.80,5.75,5.79,0.06,534
00707R,期元大S&P日圓反1,,,,,,,0.0,
00708L,期元大S&P黃金正2,1037842,35338937,34.00,34.13,33.93,34.13,0.22,193
00709,富邦歐洲,64550,1943264,30.00,30.22,30.00,30.22,0.27,121
00710B,復華彭博非投等債,287040,5578520,19.45,19.45,19.42,19.44,-0.04,76
00711B,復華彭博新興債,160251,2620624,16.36,16.37,16.35,16.37,-0.04,74
00712,復華富時不動產,11430583,108870419,9.54,9.55,9.52,9.53,-0.01,4277
00713,元大台灣高息低波,9407043,557305506,59.15,59.40,59.05,59.20,0.2,6931
00714,群益道瓊美國地產,473354,9268379,19.62,19.62,19.56,19.59,-0.05,96
00715L,期街口布蘭特正2,7456732,135019586,18.21,18.21,17.99,18.02,0.08,761
00717,富邦美國特別股,179391,2877774,16.07,16.07,16.03,16.05,-0.03,101
00728,第一金工業30,660028,22137614,33.50,33.61,33.49,33.52,0.07,267
00730,富邦臺灣優質高息,158117,3724408,23.61,23.70,23.51,23.52,-0.05,198
00731,復華富時高息低波,779396,61705110,79.20,79.35,79.00,79.20,0.25,406
00733,富邦臺灣中小,2474566,151060308,60.85,61.15,60.85,61.00,0.3,1704
00735,國泰臺韓科技,3954627,163864477,39.83,44.18,39.81,43.95,4.49,1967
00736,國泰新興市場,121115,2800273,23.17,23.17,23.07,23.07,-0.1,8
00737,國泰AI+Robo,61361,1877784,30.63,30.63,30.59,30.60,-0.03,111
00738U,期元大道瓊白銀,704835,19671770,27.92,27.98,27.80,27.96,0.17,183
00739,元大MSCI A股,89032,1793284,20.31,20.31,20.07,20.15,-0.29,95
00752,中信中國50,3175720,59000216,18.71,18.80,18.50,18.52,-0.19,952
00753L,中信中國50正2,14143036,111238717,7.99,7.99,7.76,7.77,-0.09,1757
00757,統一FANG+,4260675,399699573,93.85,94.10,93.60,94.10,0.2,3880
00762,元大全球AI,247486,15972221,64.70,64.75,64.50,64.55,-0.15,501
00763U,期街口道瓊銅,861110,24134572,27.98,28.09,27.98,28.08,0.27,164
00770,國泰北美科技,931299,45102310,48.55,48.58,48.37,48.46,-0.05,492
00771,元大US高息特別股,138577,2423985,17.55,17.55,17.46,17.53,-0.01,38
00775B,新光投等債15+,806000,27734430,34.39,34.45,34.39,34.45,-0.03,14
00783,富邦中証500,162339,2700466,16.75,16.75,16.60,16.67,-0.16,27
00830,國泰費城半導體,10207080,525840871,51.60,51.70,51.40,51.65,0.0,3594
00850,元大臺灣ESG永續,1128443,53077071,47.03,47.20,46.94,46.96,-0.04,1152
00851,台新全球AI,20877,1009839,48.27,48.44,48.27,48.44,0.19,103
00852L,國泰美國道瓊正2,295138,7111552,24.09,24.12,24.08,24.12,0.02,42
00861,元大全球未來通訊,942744,41844785,44.37,44.56,44.20,44.56,0.21,296
00865B,國泰US短期公債,111003,5071235,45.66,45.70,45.59,45.68,-0.1,109
00875,國泰網路資安,43050,1407339,32.72,32.72,32.67,32.68,-0.07,92
00876,元大全球5G,1036370,43907072,42.34,42.46,42.30,42.46,-0.13,316
00878,國泰永續高股息,33165792,802956410,24.14,24.25,24.14,24.20,0.1,18901
00881,國泰台灣5G+,18765537,489805318,26.12,26.19,26.05,26.05,-0.05,4828
00882,中信中國高股息,16573955,198104012,12.01,12.03,11.87,11.92,-0.09,4053
00885,富邦越南,4955029,59513728,12.06,12.08,11.98,11.99,-0.07,1799
00891,中信關鍵半導體,5781725,115842330,20.09,20.15,19.99,20.03,-0.06,2502
00892,富邦台灣半導體,3642353,65673346,18.05,18.10,17.96,18.07,0.09,949
00893,國泰智能電動車,11863941,277016667,23.35,23.43,23.30,23.40,0.05,1268
00894,中信小資高價30,714036,15911675,22.29,22.43,22.20,22.24,-0.01,268
00895,富邦未來車,3169303,93745956,29.55,29.63,29.51,29.62,0.01,1422
00896,中信綠能及電動車,1104998,20734943,18.82,18.83,18.71,18.72,-0.08,604
00897,富邦基因免疫生技,420457,3317087,7.90,7.90,7.88,7.89,-0.01,184
00898,國泰基因免疫革命,850174,5936723,6.99,7.00,6.97,6.98,-0.01,269
00899,FT潔淨能源,172090,2884556,16.72,16.79,16.72,16.79,0.07,135
00900,富邦特選高股息30,6406806,108620739,16.98,17.03,16.90,16.93,-0.02,1320
00901,永豐智能車供應鏈,418414,9138862,21.90,21.91,21.79,21.82,-0.07,213
00902,中信電池及儲能,2401303,22621037,9.46,9.46,9.40,9.41,-0.05,628
00903,富邦元宇宙,1607541,23703579,14.75,14.78,14.72,14.77,0.01,282
00904,新光臺灣半導體30,1200099,23549586,19.75,19.75,19.58,19.63,-0.05,403
00905,FT臺灣Smart,5486047,79551652,14.53,14.56,14.46,14.48,0.0,1911
00907,永豐優息存股,1792633,29807757,16.68,16.72,16.58,16.61,-0.04,739
00908,富邦入息REITs+,324527,4062050,12.51,12.53,12.50,12.52,0.01,74
00909,國泰數位支付服務,7183046,191671696,26.96,26.96,26.49,26.53,-0.43,3082
00910,第一金太空衛星,163831,3021486,18.39,18.49,18.39,18.49,0.04,21
00911,兆豐洲際半導體,870428,27199424,31.33,31.34,31.21,31.26,-0.06,456
00912,中信臺灣智慧50,1108614,22331336,20.16,20.23,20.10,20.17,0.01,227
00913,兆豐台灣晶圓製造,99990,2319146,23.20,23.22,23.18,23.19,0.01,28
00915,凱基優選高股息30,10690117,291598487,27.27,27.35,27.22,27.26,0.03,3019
00916,國泰全球品牌50,221626,5133917,23.17,23.20,23.13,23.16,0.0,321
00917,中信特選金融,1315527,26136975,19.88,19.89,19.84,19.88,-0.01,534
00918,大華優利高填息30,17523848,445155336,25.41,25.53,25.35,25.36,0.02,3501
00919,群益台灣精選高息,44514101,1160487930,26.04,26.14,26.03,26.04,0.01,17059
00920,富邦ESG綠色電力,156547,2327334,14.88,14.88,14.86,14.87,0.01,100
00921,兆豐龍頭等權重,2186355,42337808,19.36,19.45,19.33,19.34,-0.01,661
00922,國泰台灣領袖50,2241960,50367005,22.50,22.55,22.41,22.44,-0.04,1711
00923,群益台ESG低碳50,3405393,79702822,23.46,23.50,23.36,23.40,0.0,2554
00924,復華S&P500成長,2116774,49483264,23.39,23.41,23.35,23.41,0.02,661
00925,新光標普電動車,251383,4207318,16.85,16.85,16.72,16.75,-0.03,27
00926,凱基全球菁英55,678814,15596502,23.01,23.01,22.95,22.99,0.0,199
00927,群益半導體收益,12013742,258080486,21.57,21.57,21.43,21.51,0.07,3295
00929,復華台灣科技優息,63083134,1319321666,20.90,20.96,20.88,20.91,0.04,20551
00930,永豐ESG低碳高息,1828902,38810538,21.30,21.30,21.17,21.19,-0.03,890
00932,兆豐永續高息等權,1893637,34565120,18.22,18.28,18.21,18.26,0.08,616
00934,中信成長高股息,74891244,1538128288,20.55,20.64,20.50,20.52,0.04,14092
00935,野村臺灣新科技50,5210707,121124531,23.29,23.35,23.19,23.23,-0.03,2327
00936,台新永續高息中小,25070915,464072344,18.56,18.58,18.48,18.49,0.01,8559
00939,統一台灣高息動能,83276108,1252485142,15.01,15.06,14.99,15.02,0.02,10093
00940,元大台灣價值高息,115002237,1178620488,10.25,10.29,10.23,10.24,0.01,16988
00941,中信上游半導體,9988687,158666123,15.90,15.91,15.86,15.88,-0.01,2179
00943,兆豐電子高息等權,851585,13510813,15.87,15.89,15.84,15.86,0.01,199
00944,野村趨勢動能高息,5838660,91211407,15.58,15.65,15.58,15.60,0.03,1082
00945B,凱基美國非投等債,12934894,198300960,15.33,15.35,15.31,15.31,-0.02,1440
00946,群益科技高息成長,20487237,222325272,10.85,10.88,10.82,10.85,0.05,3807
00947,台新臺灣IC設計,6900123,107672437,15.66,15.71,15.55,15.58,-0.03,3961
00949,復華日本龍頭,18202673,281635986,15.50,15.50,15.43,15.47,-0.01,4066
01001T,土銀富邦R1,55000,786450,14.30,14.30,14.29,14.30,0.0,3
01002T,土銀國泰R1,404020,6787527,16.80,16.80,16.80,16.80,0.0,14
01004T,土銀富邦R2,3852030,48290803,12.54,12.54,12.52,12.53,-0.01,35
01007T,兆豐國泰R2,22045,370370,16.80,16.80,16.80,16.80,0.1,4
01009T,王道圓滿R1,10000,78250,7.91,7.91,7.80,7.81,-0.01,6
01010T,京城樂富R1,27000,270280,10.01,10.02,10.01,10.02,0.0,12
020000,富邦特選蘋果N,,,,,,,0.0,
020011,統一微波高息20N,,,,,,,0.0,
020012,富邦行動通訊N,5000,52100,10.42,10.42,10.42,10.42,0.0,1
020015,統一MSCI美低波N,,,,,,,0.0,
020016,統一MSCI美科技N,,,,,,,0.0,
020018,統一價值成長30N,,,,,,,0.0,
020019,統一特選台灣5GN,2000,40600,20.30,20.30,20.30,20.30,0.03,1
02001L,富邦蘋果正二N,110000,3501030,31.88,31.93,31.73,31.80,0.23,34
02001R,富邦蘋果反一N,4000,5590,1.39,1.40,1.39,1.40,-0.01,3
02001S,策元大加權策略N,66000,496980,7.53,7.53,7.53,7.53,0.02,1
020020,元大台股領航N,55000,666000,12.09,12.15,12.05,12.11,0.02,22
020028,元大特選電動車N,28000,276070,9.88,9.88,9.84,9.85,0.0,13
020029,元大ESG高股息N,27000,251380,9.35,9.35,9.28,9.28,-0.07,11
020030,統一智慧電動車N,100000,664180,6.63,6.65,6.63,6.65,0.05,7
020031,統一IC設計臺灣N,28000,179470,6.46,6.46,6.39,6.39,-0.06,11
020032,元大綠能N,85000,571340,6.75,6.75,6.69,6.71,-0.04,16
020034,元大IC設計N,44000,375040,8.59,8.59,8.50,8.52,-0.07,16
020036,元大金融配息N,1000,6720,6.72,6.72,6.72,6.72,0.02,1
020037,元大金融高股息N,38000,261580,6.90,6.90,6.88,6.88,0.02,5
020038,元大ESG配息N,60000,480510,8.08,8.08,8.00,8.01,-0.07,16
020039,元大加權N,74000,527610,7.13,7.15,7.12,7.13,0.0,16
1101,台泥,16451159,565109024,34.20,34.50,34.10,34.45,0.3,7431
1101B,台泥乙特,6742,317054,47.00,47.05,47.00,47.05,0.05,10
1102,亞泥,8263910,372165960,45.70,45.75,44.75,44.75,-1.2,8089
1103,嘉泥,517317,9661615,18.65,18.75,18.60,18.75,0.1,457
1104,環泥,1220519,45052110,36.90,37.15,36.70,36.75,-0.15,817
1108,幸福,523258,8888058,17.00,17.05,16.90,17.00,0.0,273
1109,信大,489579,9744117,19.85,19.95,19.85,19.90,0.1,253
1110,東泥,312967,6713436,21.50,21.60,21.35,21.45,0.1,214
1201,味全,660725,12372276,18.65,18.80,18.65,18.75,0.1,529
1203,味王,231,12205,,,,,0.0,10
1210,大成,1226622,70841938,57.80,57.90,57.60,57.70,0.0,1137
1213,大飲,52335,387446,7.37,7.48,7.31,7.47,0.0,26
1215,卜蜂,299017,31173199,105.00,105.00,104.00,104.00,-1.0,538
1216,統一,5806806,489616746,84.50,85.10,83.50,84.20,0.0,6651
1217,愛之味,6367281,83952708,12.90,13.40,12.90,13.25,0.4,2362
1218,泰山,991255,21604226,21.90,21.90,21.70,21.85,0.05,656
1219,福壽,364505,6762069,18.50,18.65,18.50,18.60,0.1,255
1220,台榮,212398,3335518,15.70,15.80,15.65,15.75,0.1,114
1225,福懋油,190613,24312817,123.00,130.00,123.00,127.50,4.0,707
1227,佳格,390018,16474909,42.25,42.40,42.10,42.20,0.0,374
1229,聯華,2621284,185719041,70.30,71.50,70.30,70.40,0.6,4521
1231,聯華食,104820,12019575,115.00,116.00,113.50,114.50,-0.5,336
1232,大統益,116498,17164517,147.00,148.50,146.50,147.50,0.5,223
1233,天仁,8081,275057,34.10,34.15,34.10,34.15,-0.05,23
1234,黑松,196648,8629623,43.90,44.20,43.65,44.10,0.2,192
1235,興泰,17343,1727078,99.00,100.00,98.60,99.90,1.2,37
1236,宏亞,13912,354976,25.50,25.55,25.50,25.55,0.05,70
1256,鮮活果汁-KY,50161,9947264,200.50,200.50,197.00,197.50,-3.0,255
1301,台塑,5663855,325350801,58.00,58.00,57.20,57.30,-0.3,4131
1303,南亞,8126571,397501725,49.45,49.45,48.80,48.80,-0.65,5077
1304,台聚,9550120,153037553,15.65,16.30,15.55,16.05,0.6,3650
1305,華夏,1680352,28393152,16.75,17.10,16.65,16.90,0.2,866
1307,三芳,591263,18780177,32.05,32.20,31.45,31.50,-0.35,470
1308,亞聚,2854114,51628687,17.60,18.35,17.55,18.05,0.55,1584
1309,台達化,2198210,39158558,17.75,18.05,17.55,17.85,0.1,1129
1310,台苯,1973228,26748172,13.40,13.70,13.40,13.60,0.25,885
1312,國喬,4611370,66698559,14.40,14.60,14.20,14.45,0.15,1635
1312A,國喬特,9000,212850,23.65,23.65,23.65,23.65,0.0,3
1313,聯成,1595932,19936246,12.50,12.65,12.30,12.50,0.1,1087
1314,中石化,25385655,277702411,11.05,11.10,10.85,10.95,-0.05,5529
1315,達新,18620,1340895,72.10,72.20,71.90,72.00,-0.1,24
1316,上曜,4081060,77701226,19.10,19.25,18.90,18.90,-0.05,1704
1319,東陽,1257857,138353246,111.00,111.00,109.50,109.50,-1.0,1232
1321,大洋,200010,7407225,37.30,37.40,36.95,37.15,0.15,111
1323,永裕,56554,1710448,30.25,30.50,30.20,30.25,0.0,51
1324,地球,220439,3158277,14.15,14.50,14.05,14.50,0.4,157
1325,恆大,938284,32885191,35.70,35.70,34.75,34.95,0.5,648
1326,台化,7855079,384964506,49.45,49.50,48.85,49.20,-0.2,5131
1337,再生-KY,1403843,10628770,7.46,7.65,7.43,7.55,0.15,725
1338,廣華-KY,100529,3276799,32.50,32.75,32.45,32.45,0.05,122
1339,昭輝,211848,14173477,67.60,67.80,66.40,66.50,-0.5,206
1340,勝悅-KY,1292358,14072407,10.10,11.05,10.10,11.05,1.0,684
1341,富林-KY,17062,1133509,66.50,66.70,66.10,66.50,0.1,17
1342,八貫,475553,56251398,118.50,119.00,117.00,119.00,1.0,428
1402,遠東新,9742735,367062111,38.00,38.20,37.25,37.25,-0.75,4962
1409,新纖,11620998,204750516,17.30,17.85,17.20,17.75,0.25,4594
1410,南染,26261,959316,36.55,36.60,36.40,36.60,0.0,24
1413,宏洲,116826,1221243,10.45,10.55,10.35,10.50,0.0,85
1414,東和,649813,15786551,24.50,24.70,24.00,24.30,-0.25,464
1416,廣豐,472824,5761990,12.25,12.25,12.10,12.20,0.0,271
1417,嘉裕,578984,6628572,11.40,11.55,11.35,11.55,0.15,349
1418,東華,1072934,41223914,36.05,39.40,36.05,39.15,3.3,886
1419,新紡,26315,1290004,49.30,49.30,48.80,49.15,0.0,32
1423,利華,242162,10942491,45.85,46.40,44.95,45.50,0.0,257
1432,大魯閣,382138,7046388,18.55,18.75,18.25,18.45,-0.1,524
1434,福懋,874050,19896512,22.80,22.85,22.60,22.75,0.05,796
1435,中福,6676,319091,47.80,48.00,47.80,48.00,-1.4,151
1436,華友聯,987026,172571466,168.00,177.50,168.00,177.00,8.5,1548
1437,勤益控,153116,5768916,37.65,38.00,37.50,37.65,-0.1,181
1438,三地開發,180281,11069973,61.70,62.40,61.00,62.40,1.2,120
1439,雋揚,33256,969426,29.40,29.40,28.90,29.00,-0.2,39
1440,南紡,1602528,28327328,17.80,17.85,17.60,17.70,-0.1,844
1441,大東,718646,11331243,15.55,16.30,14.65,16.00,0.1,559
1442,名軒,843603,52008124,62.60,62.60,61.10,62.00,-0.2,1144
1443,立益物流,11853,373628,31.65,31.65,31.50,31.55,0.0,31
1444,力麗,6319211,64242126,10.05,10.30,10.05,10.20,0.15,1811
1445,大宇,169058,3210602,19.00,19.05,18.90,19.00,0.2,151
1446,宏和,442730,21824632,49.95,50.00,48.80,49.10,-0.55,359
1447,力鵬,10753098,115169164,10.35,11.00,10.35,10.75,0.5,3033
1449,佳和,3079517,60639282,19.40,20.35,19.20,19.80,0.65,1361
1451,年興,118793,2380280,20.00,20.20,20.00,20.05,0.05,189
1452,宏益,332748,5692499,16.85,17.30,16.85,17.00,0.05,138
1453,大將,314413,8004717,25.60,25.90,25.30,25.35,0.2,377
1454,台富,2342552,45592715,18.10,19.85,18.10,19.75,1.7,1047
1455,集盛,3419955,47981277,13.65,14.30,13.55,14.15,0.55,1263
1456,怡華,149047,3049150,20.45,20.65,20.15,20.50,0.05,95
1457,宜進,418129,9051604,21.70,21.80,21.50,21.75,0.05,323
1459,聯發,234070,2552158,10.80,11.00,10.75,11.00,0.2,138
1460,宏遠,654381,5329909,8.14,8.18,8.12,8.15,0.01,287
1463,強盛,149668,3374837,22.70,22.70,22.40,22.40,-0.1,174
1464,得力,518710,7334671,14.10,14.20,14.10,14.15,0.0,341
1465,偉全,77152,1192142,15.45,15.50,15.40,15.45,0.1,95
1466,聚隆,139309,1758359,12.55,12.70,12.55,12.60,0.05,62
1467,南緯,462317,5481376,11.85,11.90,11.80,11.90,0.05,328
1468,昶和,37002,559130,15.20,15.25,15.00,15.25,0.0,33
1470,大統新創,41018,871775,21.40,21.50,20.75,21.30,0.5,26
1471,首利,1505117,23976756,15.55,16.15,15.55,16.05,0.5,639
1472,三洋實業,22483,1568089,70.00,70.00,69.40,69.40,-0.2,28
1473,台南,1009359,43840772,44.00,44.10,43.05,43.20,-0.2,904
1474,弘裕,751056,10903935,14.60,14.70,14.40,14.45,-0.05,349
1475,業旺,329779,20136647,60.20,62.20,60.00,61.60,1.7,228
1476,儒鴻,1250053,670805517,529.00,541.00,523.00,536.00,12.0,1712
1477,聚陽,1477982,622304131,423.00,425.00,417.00,424.00,2.0,1485
1503,士電,12412908,3690937772,304.00,304.00,294.00,294.50,-6.5,26052
1504,東元,16154018,865525453,53.60,54.00,53.20,53.40,0.3,8644
1506,正道,1280279,22086098,16.95,17.40,16.90,17.25,0.4,538
1512,瑞利,35969,301236,8.40,8.40,8.30,8.39,-0.01,26
1513,中興電,58460760,11863049880,203.50,209.50,197.00,203.00,2.0,58107
1514,亞力,28497303,4368950607,155.50,157.00,151.00,152.50,-2.0,23099
1515,力山,1672084,78439022,46.50,47.40,46.20,46.90,0.8,1135
1516,川飛,443759,10841483,24.35,24.70,24.00,24.40,0.0,339
1517,利奇,1632043,28564169,16.90,17.80,16.90,17.60,0.7,912
1519,華城,7139708,6911982351,1015.00,1030.00,930.00,936.00,-79.0,19714
1521,大億,97243,3893436,39.40,40.20,39.40,39.90,0.55,85
1522,堤維西,3804421,270215568,71.40,71.70,70.40,71.40,0.0,2320
1522A,堤維西甲特,3022,138690,45.85,46.00,45.85,46.00,0.0,5
1524,耿鼎,1894978,66724189,34.80,35.50,34.60,35.30,0.55,1199
1525,江申,14614,1098747,75.00,75.70,75.00,75.50,0.2,30
1526,日馳,125496,4042883,32.20,32.50,32.05,32.25,-0.05,106
1527,鑽全,578317,26176117,45.20,45.40,45.00,45.30,0.3,487
1528,恩德,7408918,107852527,13.60,14.85,13.60,14.85,1.35,2405
1529,樂事綠能,1894726,66730835,35.50,35.70,34.95,35.15,-0.3,1875
1530,亞崴,119278,3850321,32.10,32.45,32.05,32.40,0.35,193
1531,高林股,287950,4299415,15.05,15.05,14.85,14.95,-0.05,224
1532,勤美,1605267,74733625,46.40,46.75,46.30,46.65,0.4,1067
1533,車王電,206969,9904544,48.50,48.50,47.45,47.70,-0.15,282
1535,中宇,362775,26371428,73.50,73.50,72.30,72.90,-0.4,342
1536,和大,42261516,2612247288,59.00,63.50,58.30,63.50,5.7,22636
1537,廣隆,142642,20629114,145.50,145.50,144.00,144.50,-0.5,249
1538,正峰,7553,149376,19.85,20.75,19.50,19.50,-0.35,10
1539,巨庭,236307,5698199,24.00,24.30,23.85,24.30,0.35,146
1540,喬福,4511506,107513343,22.55,24.60,22.55,24.35,1.8,2607
1541,錩泰,30144,967582,32.15,32.35,31.90,32.00,0.05,31
1558,伸興,101231,10214263,101.00,101.50,100.50,101.00,0.0,125
1560,中砂,5446192,1924801002,350.00,362.50,345.00,356.50,14.5,5558
1563,巧新,984574,73385092,74.90,75.30,74.00,74.10,-0.7,713
1568,倉佑,3077874,96185743,29.45,32.10,29.15,31.45,2.2,1771
1582,信錦,2727623,311816137,113.00,117.00,112.00,114.00,2.0,2227
1583,程泰,46344,3245693,69.20,71.00,69.00,71.00,1.8,70
1587,吉茂,2476395,152994945,65.00,65.00,60.00,61.40,-3.1,2048
1589,永冠-KY,639039,29741270,46.10,46.95,46.00,46.65,0.65,642
1590,亞德客-KY,347386,352805737,1020.00,1020.00,1010.00,1010.00,-5.0,462
1597,直得,9503557,826475473,88.00,88.70,82.80,88.70,8.0,7846
1598,岱宇,427155,13645218,31.60,32.20,31.45,31.80,0.25,338
1603,華電,1597663,73267823,46.40,46.65,45.60,45.60,-0.6,1047
1604,聲寶,821332,23932281,29.10,29.30,28.85,29.15,0.35,605
1605,華新,8089499,288623076,35.80,35.85,35.60,35.65,-0.15,3663
1608,華榮,13595382,536243125,39.45,39.85,39.10,39.35,0.6,7426
1609,大亞,18527917,1022757678,55.80,56.00,54.70,55.00,-0.5,12481
1611,中電,2387288,46284184,19.35,19.55,19.20,19.35,0.1,1259
1612,宏泰,2256235,84325491,37.80,37.80,37.10,37.50,-0.1,1774
1614,三洋電,235519,10811310,45.55,46.25,45.55,45.80,0.0,139
1615,大山,277265,19939831,72.50,72.50,71.50,71.90,0.2,486
1616,億泰,1851531,44923373,24.60,24.60,24.05,24.35,0.05,1148
1617,榮星,1432846,35158824,24.70,24.80,24.25,24.80,0.15,843
1618,合機,9769980,583643593,60.60,61.10,58.50,59.10,-1.1,6958
1626,艾美特-KY,69793,1118827,16.05,16.05,16.00,16.00,0.05,171
1701,中化,797150,18118434,22.70,22.80,22.65,22.80,0.1,478
1702,南僑,454709,26594884,58.50,58.80,58.30,58.50,0.2,381
1707,葡萄王,140397,21431527,153.00,153.00,152.50,152.50,-0.5,271
1708,東鹼,1688199,58816146,34.65,35.10,34.50,35.00,0.4,1120
1709,和益,3931065,95138714,24.15,24.35,24.00,24.05,0.15,1996
1710,東聯,2145965,37720961,17.40,17.70,17.40,17.65,0.25,936
1711,永光,7945505,160624802,19.55,20.65,19.55,20.35,0.8,3140
1712,興農,805482,36668264,45.50,45.70,45.15,45.65,0.4,920
1713,國化,991048,58787799,58.60,60.20,58.50,58.70,0.0,389
1714,和桐,6211249,65467092,10.40,10.65,10.35,10.55,0.2,1587
1717,長興,5151062,163793692,31.55,32.00,31.55,31.80,0.4,1945
1718,中纖,24064141,209260928,8.50,8.84,8.49,8.83,0.41,6679
1720,生達,399146,29297904,73.10,73.80,72.90,73.40,0.6,331
1721,三晃,3926874,59546963,14.70,15.45,14.65,15.10,0.4,1671
1722,台肥,1454152,94337643,64.50,65.20,64.40,64.80,0.3,869
1723,中碳,533579,59543330,110.00,110.00,108.50,109.50,0.0,383
1725,元禎,3821918,199299297,49.85,53.00,49.85,53.00,4.75,2485
1726,永記,14583,1210167,82.80,82.80,82.10,82.50,-0.2,27
1727,中華化,7574771,249651040,30.90,33.60,30.55,33.05,2.5,3865
1730,花仙子,23024,1295995,56.40,56.50,56.20,56.20,0.0,96
1731,美吾華,255194,6387540,25.05,25.15,24.95,25.10,0.15,151
1732,毛寶,379973,11603199,30.45,30.80,30.30,30.35,0.25,264
1733,五鼎,327204,11492795,35.00,35.35,35.00,35.10,0.25,217
1734,杏輝,585340,22431784,38.30,38.60,38.20,38.25,-0.05,355
1735,日勝化,34779,632768,18.20,18.20,18.10,18.10,0.0,47
1736,喬山,570539,50888714,89.10,90.50,88.70,88.90,0.0,413
1737,臺鹽,234768,7993228,34.00,34.20,33.95,34.15,0.1,211
1752,南光,362839,18903717,51.80,52.50,51.80,52.20,0.4,271
1760,寶齡富錦,281222,28085475,99.90,100.50,99.30,100.00,-0.5,305
1762,中化生,141422,7277349,51.70,51.80,51.20,51.60,0.1,235
1773,勝一,504601,79897827,157.50,160.50,156.50,159.50,3.0,526
1776,展宇,64951,1163337,17.85,18.00,17.85,18.00,0.2,54
1783,和康生,481959,23945674,49.65,50.20,49.35,49.40,-0.15,649
1786,科妍,436464,56465933,128.50,130.50,128.00,129.00,2.0,416
1789,神隆,771226,22259289,28.60,29.10,28.55,28.90,0.3,495
1795,美時,2715442,831821537,306.00,309.00,304.00,306.50,3.0,3231
1802,台玻,19876518,381009891,18.70,19.50,18.55,19.35,0.75,6040
1805,寶徠,253939,5114894,20.20,20.35,19.95,20.05,-0.15,165
1806,冠軍,3110524,39490093,12.75,12.90,12.55,12.75,0.0,1209
1808,潤隆,1021635,117175213,116.00,116.00,114.00,114.00,-1.5,1055
1809,中釉,10880383,289008814,26.65,27.25,26.05,26.50,0.05,6029
1810,和成,1022007,19139502,18.70,18.85,18.50,18.85,0.2,596
1817,凱撒衛,138167,5333030,38.60,38.80,38.50,38.65,0.05,155
1903,士紙,182723,11027473,60.80,61.00,60.10,60.20,-0.5,168
1904,正隆,1084343,31279124,28.85,28.95,28.80,28.85,0.0,642
1905,華紙,4443594,98111212,22.30,22.35,21.95,22.10,-0.2,1826
1906,寶隆,106124,1690264,15.90,16.00,15.90,15.90,0.0,149
1907,永豐餘,1617442,51480927,31.90,32.10,31.55,31.60,-0.2,1238
1909,榮成,1521801,21356861,14.10,14.10,14.00,14.05,0.0,786
2002,中鋼,13207464,310415260,23.55,23.60,23.40,23.55,0.05,6181
2002A,中鋼特,25000,1091500,43.80,43.80,43.50,43.65,0.0,15
2006,東和鋼鐵,1277412,91531135,71.40,72.00,71.10,72.00,0.8,1057
2007,燁興,459291,5436268,11.95,12.00,11.75,11.85,-0.05,303
2008,高興昌,158773,4104226,25.70,26.20,25.70,25.80,0.05,196
2009,第一銅,3301393,170576850,52.40,52.50,51.10,51.90,0.0,4045
2010,春源,627512,12212662,19.50,19.55,19.35,19.50,0.0,390
2012,春雨,103541,2596184,24.75,25.25,24.75,25.05,0.3,121
2013,中鋼構,305263,17599152,57.90,58.00,57.20,57.20,-0.7,170
2014,中鴻,2404344,52787970,22.10,22.10,21.85,21.95,-0.05,1218
2015,豐興,81211,6336595,78.30,78.40,77.70,77.70,-0.6,101
2017,官田鋼,831840,12189810,14.80,14.80,14.55,14.65,-0.1,506
2020,美亞,816632,29398972,36.10,36.20,35.85,35.90,-0.3,589
2022,聚亨,503175,5732663,11.50,11.55,11.35,11.40,-0.05,322
2023,燁輝,1250074,19559297,15.80,15.80,15.55,15.70,-0.05,693
2024,志聯,54130,1182254,21.85,22.05,21.65,21.75,-0.1,62
2025,千興,2492692,29984616,12.10,12.20,11.95,11.95,-0.15,868
2027,大成鋼,5575724,205500334,36.80,37.05,36.65,37.05,0.25,2646
2028,威致,118592,3106052,26.40,26.45,26.10,26.30,-0.1,119
2029,盛餘,216484,6042496,27.85,28.00,27.85,27.90,-0.1,143
2030,彰源,494199,8581205,17.40,17.50,17.20,17.50,0.0,315
2031,新光鋼,1607170,98943278,62.40,62.40,61.20,61.40,-0.6,1246
2032,新鋼,86685,1462650,16.90,17.00,16.80,16.85,-0.05,100
2033,佳大,342678,5423338,15.75,16.10,15.50,16.05,0.25,202
2034,允強,319021,8121844,25.45,25.50,25.40,25.45,0.0,208
2038,海光,322245,6383003,20.00,20.05,19.70,19.80,-0.1,310
2049,上銀,4214457,912214297,211.00,219.50,211.00,217.00,7.5,5548
2059,川湖,800400,1089233245,1365.00,1375.00,1340.00,1375.00,20.0,1657
2062,橋椿,457414,13050694,28.50,28.75,28.30,28.75,0.15,265
2069,運錩,200471,3206541,16.00,16.05,15.90,16.05,0.05,97
2101,南港,3430385,183440695,54.10,54.10,53.20,53.50,-0.4,1891
2102,泰豐,1222920,25114826,20.60,20.70,20.40,20.55,-0.05,473
2103,台橡,3380466,79485772,23.50,23.75,23.30,23.50,0.35,1190
2104,國際中橡,3033254,53446239,17.35,17.80,17.35,17.70,0.35,1284
2105,正新,5353503,256914046,47.90,48.25,47.65,47.80,0.0,3109
2106,建大,510468,17422873,34.05,34.20,34.05,34.20,0.1,330
2107,厚生,349421,8915958,25.50,25.70,25.40,25.50,0.0,295
2108,南帝,5612580,232698330,39.60,41.85,39.60,41.85,3.8,3106
2109,華豐,735675,14137661,19.00,19.45,18.90,19.45,0.55,484
2114,鑫永銓,45187,4626795,102.00,103.50,101.50,102.50,0.5,84
2115,六暉-KY,32639,1086623,33.30,33.35,33.25,33.30,0.05,103
2201,裕隆,2568093,169666859,66.20,66.50,65.50,66.30,0.5,2023
2204,中華,1670604,214964439,128.50,130.50,127.50,127.50,-1.0,1236
2206,三陽工業,5795541,454022819,77.90,79.50,77.00,79.50,1.6,3810
2207,和泰車,66293,41083914,621.00,621.00,616.00,620.00,2.0,281
2208,台船,2508741,44670937,17.70,17.95,17.65,17.80,0.1,1281
2211,長榮鋼,375830,51350041,138.00,138.00,136.00,136.00,-1.5,507
2227,裕日車,19264,2599790,135.00,135.50,134.00,134.00,-0.5,135
2228,劍麟,207866,23950711,114.00,115.50,114.00,115.00,1.0,222
2231,為升,199032,23933672,122.00,122.00,119.50,119.50,-2.5,243
2233,宇隆,184464,26257214,142.00,143.00,141.50,143.00,1.5,209
2236,百達-KY,2665588,257093806,92.00,97.70,91.80,97.70,8.8,1332
2239,英利-KY,66361,3504368,52.70,53.10,52.50,52.80,0.4,70
2241,艾姆勒,1985864,80921508,39.95,41.45,39.90,40.70,0.8,1422
2243,宏旭-KY,358504,6557070,18.00,18.65,18.00,18.40,0.45,213
2247,汎德永業,111144,33301862,297.50,300.50,297.00,299.00,1.5,325
2250,IKKA-KY,672695,74739809,109.00,113.00,107.50,111.50,4.0,599
2254,巨鎧精密-創,291000,24199900,83.30,85.30,81.50,82.90,-0.7,119
2258,鴻華先進-創,433000,20345900,48.00,48.30,46.75,46.80,-0.35,269
2301,光寶科,25338532,2738916131,110.50,111.00,107.00,107.00,-4.5,17985
2302,麗正,599258,11268511,18.85,19.00,18.60,18.95,0.1,314
2303,聯電,55352341,2972540568,54.00,54.10,53.40,53.50,-0.5,20706
2305,全友,711328,16730709,22.95,23.90,22.95,23.55,0.65,574
2308,台達電,11967073,4641147982,385.00,392.50,384.00,387.00,5.0,10674
2312,金寶,56955225,1220309336,20.95,21.65,20.80,21.65,1.95,9611
2313,華通,28763504,2356867741,82.90,83.40,80.80,81.90,-0.4,20969
2314,台揚,1584431,52945232,33.60,33.75,32.95,33.40,-0.05,1162
2316,楠梓電,3991434,223368589,55.40,57.40,55.30,56.00,1.0,2855
2317,鴻海,44877435,9608898174,214.00,215.50,212.50,214.50,0.0,44283
2321,東訊,31914,508523,15.65,16.30,15.65,16.00,0.0,39
2323,中環,66052941,932436070,13.85,14.60,13.80,14.15,0.4,16672
2324,仁寶,18098521,631106052,34.70,35.30,34.65,34.80,0.5,8862
2327,國巨,2048786,1547338926,763.00,764.00,751.00,754.00,1.0,3473
2328,廣宇,11134976,454987867,40.45,41.50,40.15,40.55,0.5,5855
2329,華泰,8356688,477003877,57.70,58.00,56.10,57.90,0.7,5685
2330,台積電,21735614,21827958195,1005.00,1010.00,1000.00,1005.00,0.0,35802
2331,精英,16150517,558199838,33.45,35.15,33.45,34.95,1.7,7941
2332,友訊,5123750,98455384,19.00,19.40,18.85,19.25,0.4,2217
2337,旺宏,39433106,1090887320,27.40,28.25,27.00,27.85,0.45,16225
2338,光罩,4965317,399819705,80.80,81.60,78.90,81.00,0.8,4827
2340,台亞,3913334,173504277,44.10,44.90,43.80,44.20,0.5,2393
2342,茂矽,507142,16956192,33.40,33.70,33.15,33.45,0.15,538
2344,華邦電,21430113,557929300,26.30,26.35,25.95,25.95,-0.35,9281
2345,智邦,1836123,1030181874,569.00,570.00,557.00,557.00,-14.0,3367
2347,聯強,11732684,842893521,73.10,73.10,71.50,72.00,-0.7,8013
2348,海悅,2518288,646432932,257.00,267.50,248.00,250.00,-4.5,9124
2348A,海悅甲特,8203,277061,33.80,33.80,33.75,33.75,-0.05,8
2349,錸德,25282870,458883656,18.15,18.15,18.15,18.15,1.65,10735
2351,順德,1133831,147391053,132.00,132.00,129.00,129.50,-2.0,1125
2352,佳世達,20751993,809807597,39.45,39.45,38.75,39.15,-0.05,8384
2353,宏碁,16913474,803223133,47.30,47.80,47.20,47.30,0.2,10469
2354,鴻準,26172700,1855459377,70.40,71.70,69.90,71.50,1.4,15484
2355,敬鵬,6944038,349204937,49.50,50.80,49.50,50.30,0.9,4282
2356,英業達,65343040,3747868775,56.80,58.70,56.40,56.40,0.3,30631
2357,華碩,2396974,1160456731,484.00,486.00,482.50,483.00,1.0,2932
2359,所羅門,14750589,2617618419,178.50,182.00,175.00,175.50,0.5,12419
2360,致茂,1665431,528998146,315.50,322.00,313.00,319.00,4.0,4298
2362,藍天,2060617,112613779,55.30,55.30,54.20,54.40,0.0,1557
2363,矽統,149016555,9445159766,63.50,65.20,61.60,63.90,4.5,73536
2364,倫飛,167983,14273846,82.60,86.00,82.60,85.60,2.5,242
2365,昆盈,64474852,3440944656,53.00,54.10,51.90,54.10,4.85,27747
2367,燿華,117951552,4628083987,38.10,40.70,38.00,38.65,0.95,53518
2368,金像電,21601684,4915299900,218.00,233.00,217.50,229.00,12.0,17825
2369,菱生,8618316,210933122,24.20,24.85,23.75,24.45,0.55,3870
2371,大同,18397486,1056681284,58.00,58.30,56.90,57.40,-0.1,10027
2373,震旦行,375883,27331921,72.90,73.00,72.40,72.50,0.0,495
2374,佳能,44847382,2505399391,52.90,57.50,52.70,57.50,5.2,25348
2375,凱美,2526020,185292364,71.30,74.40,71.30,73.30,3.1,2153
2376,技嘉,6262141,1894402935,304.50,304.50,301.50,301.50,-2.5,7185
2377,微星,4066087,743202966,183.50,184.00,181.50,182.00,-1.5,2992
2379,瑞昱,4625845,2539814096,551.00,554.00,540.00,554.00,4.0,4584
2380,虹光,200280,1427288,7.13,7.14,7.10,7.14,0.02,302
2382,廣達,14386413,4491114970,312.00,316.00,309.00,312.00,3.0,15779
2383,台光電,7255222,3687485268,498.00,515.00,495.50,508.00,14.0,7755
2385,群光,5253003,873869787,170.00,170.00,165.00,166.50,-2.0,3790
2387,精元,1444178,87478133,61.00,61.10,60.20,60.50,-0.3,839
2388,威盛,6809439,830857113,119.50,124.00,119.50,122.00,3.0,4246
2390,云辰,1192131,17082272,14.15,14.50,14.00,14.40,0.3,704
2392,正崴,17614266,1393261745,77.80,81.50,77.10,79.00,2.1,10994
2393,億光,5363463,422839002,79.30,80.40,78.00,78.00,-1.3,3867
2395,研華,610835,229023265,372.50,378.00,372.50,374.00,3.0,856
2397,友通,2989011,251881528,81.20,87.00,80.10,87.00,7.9,1798
2399,映泰,1497566,33701578,22.50,22.65,22.15,22.60,0.4,903
2401,凌陽,36759510,1396331226,36.90,38.65,36.85,38.35,2.05,19060
2402,毅嘉,14179193,534417543,36.85,38.20,36.85,38.00,1.4,7422
2404,漢唐,2194778,848953297,393.00,393.00,383.00,386.00,-2.5,2873
2405,輔信,53790470,1347926766,23.95,25.40,23.50,25.40,2.3,15538
2406,國碩,21670898,604636073,27.70,28.60,27.15,27.70,0.2,10366
2408,南亞科,9913473,731431599,74.50,74.60,73.20,73.90,-0.2,8241
2409,友達,55462661,1014497126,18.10,18.45,18.00,18.45,0.45,11174
2412,中華電,17209232,2056545670,119.00,120.00,119.00,120.00,1.5,11488
2413,環科,494723,12202257,24.35,25.00,23.95,24.95,0.6,312
2414,精技,489245,20546421,41.90,42.20,41.70,42.10,0.25,502
2415,錩新,218448,6094713,28.00,28.15,27.55,27.75,-0.25,335
2417,圓剛,21912166,1243250580,53.00,58.30,53.00,58.30,0.0,11800
2419,仲琦,2109752,68377647,32.05,32.70,31.85,32.55,0.65,1105
2420,新巨,427631,29714439,69.30,70.00,68.90,69.40,0.0,911
2421,建準,4103126,454395102,109.00,112.00,108.50,111.50,2.5,2922
2423,固緯,389062,16387630,42.35,42.45,41.80,41.85,-0.4,393
2424,隴華,12121,364047,29.80,30.40,29.80,30.00,0.25,19
2425,承啟,664020,25161460,37.30,38.20,37.30,38.00,0.7,504
2426,鼎元,1739944,34525100,19.65,20.00,19.60,19.90,0.3,939
2427,三商電,40517246,1394503644,32.55,35.35,32.30,35.35,3.2,16700
2428,興勤,376733,68245130,179.50,182.50,179.50,180.50,1.0,329
2429,銘旺科,843776,33349619,40.80,40.80,39.00,39.85,-1.55,650
2430,燦坤,89741,3195950,35.55,35.75,35.50,35.70,0.15,192
2431,聯昌,1058409,14231022,13.30,13.65,13.20,13.50,0.25,476
2432,倚天酷碁-創,2000,76550,38.30,38.30,38.25,38.25,0.2,2
2433,互盛電,75751,3882578,51.00,51.40,51.00,51.30,0.4,106
2434,統懋,14115,477304,33.60,34.05,33.50,33.85,0.2,24
2436,偉詮電,1316598,83060287,62.70,63.70,62.10,63.70,1.1,1327
2438,翔耀,891760,58355530,68.30,68.30,63.70,65.00,-3.0,633
2439,美律,2713887,392581075,144.50,146.50,142.00,145.00,1.0,3285
2440,太空梭,2197123,41306186,18.95,19.05,18.25,19.05,0.2,1143
2441,超豐,341750,21414949,62.80,62.90,62.50,62.70,0.0,586
2442,新美齊,1227306,38262394,31.40,31.50,30.95,31.50,0.2,640
2444,兆勁,3154482,48204072,14.25,15.70,14.25,15.55,1.15,1419
2449,京元電子,16208085,1939840448,120.00,121.00,117.50,121.00,1.5,9830
2450,神腦,98355,3748527,38.20,38.20,38.05,38.15,0.05,140
2451,創見,2619319,313011236,118.50,120.50,117.00,119.50,2.5,2017
2453,凌群,5853016,391627775,63.70,68.80,63.60,68.20,4.8,3937
2454,聯發科,7046623,9519975049,1380.00,1385.00,1335.00,1350.00,-25.0,26077
2455,全新,14407703,2677180626,179.00,192.50,177.50,188.00,12.5,14064
2457,飛宏,6150044,313932515,49.65,51.90,49.65,51.30,1.75,4066
2458,義隆,1060913,165091405,156.50,156.50,155.00,155.50,-1.0,1101
2459,敦吉,189795,14817886,77.70,78.60,77.70,78.10,-0.1,168
2460,建通,720248,24094054,32.80,33.95,32.80,33.45,0.65,501
2461,光群雷,786359,19563436,24.70,25.15,24.55,24.90,0.35,436
2462,良得電,801192,29094258,36.05,36.50,35.95,36.40,0.45,632
2464,盟立,65192565,5724707552,86.40,90.70,84.10,90.70,8.2,36361
2465,麗臺,1516361,187362680,123.00,126.00,122.00,122.50,0.0,1342
2466,冠西電,17001,630386,37.20,37.20,36.90,37.00,-0.4,16
2467,志聖,16815560,3597919379,208.50,222.50,207.50,212.00,4.5,13736
2468,華經,484814,13305669,27.55,27.65,27.20,27.60,0.2,259
2471,資通,377168,22260198,58.50,59.30,58.40,59.30,0.8,354
2472,立隆電,3111509,267689521,86.00,87.00,84.90,85.80,0.8,2188
2474,可成,1235528,283701110,228.50,231.50,227.50,230.00,3.0,1143
2476,鉅祥,11835907,1375645970,110.50,119.00,110.00,117.00,7.5,7569
2477,美隆電,133540,2955910,22.15,22.25,21.90,22.25,0.15,119
2478,大毅,414627,22128316,53.00,53.80,52.80,53.20,0.4,351
2480,敦陽科,259566,30627230,117.50,118.50,117.50,118.00,1.0,335
2481,強茂,7987128,507576185,63.90,64.30,62.30,64.00,0.2,6724
2482,連宇,4492440,191108188,42.60,43.35,41.80,43.35,-0.25,3804
2483,百容,526568,14351761,27.40,27.65,27.00,27.30,-0.15,318
2484,希華,764164,24845727,32.30,32.70,32.25,32.60,0.3,483
2485,兆赫,3703061,81762330,21.75,22.35,21.55,22.20,0.65,1958
2486,一詮,50002146,7247448939,138.00,151.50,138.00,143.50,5.5,29441
2488,漢平,151640,7141055,47.00,47.40,47.00,47.10,0.05,117
2489,瑞軒,31742739,670857116,20.25,21.80,20.25,20.90,0.75,13181
2491,吉祥全,197249,3100258,15.65,15.95,15.45,15.80,0.3,169
2492,華新科,5091615,616218819,120.00,122.00,119.00,121.50,2.5,3980
2493,揚博,575199,56449693,98.00,98.60,97.20,98.50,1.1,529
2495,普安,37362639,1427479753,35.90,39.20,35.75,38.25,2.6,17812
2496,卓越,33366,2472774,73.30,74.60,73.30,74.10,0.8,35
2497,怡利電,777762,47764947,60.70,61.80,60.10,61.70,1.0,717
2498,宏達電,14590759,698595684,46.40,49.50,45.85,48.00,2.1,8433
2501,國建,3651963,112692494,31.25,31.25,30.65,30.90,-0.25,1978
2504,國產,1976320,90176340,46.00,46.35,45.30,45.35,-0.25,1213
2505,國揚,318013,8854163,27.95,28.10,27.75,27.85,-0.05,409
2506,太設,577572,6829427,11.80,11.90,11.75,11.85,0.1,288
2509,全坤建,320064,7426574,23.05,23.35,23.00,23.20,0.15,356
2511,太子,1521293,18506924,12.20,12.25,12.10,12.15,-0.05,577
2514,龍邦,2618950,67205495,25.20,26.30,25.15,25.75,0.7,1706
2515,中工,9194649,138014963,15.05,15.10,14.90,15.05,0.0,2725
2516,新建,1385911,17784908,13.10,13.10,12.75,12.85,-0.05,488
2520,冠德,2025154,116581266,58.00,58.10,57.10,57.70,-0.1,1472
2524,京城,502879,27492099,55.50,55.50,54.10,54.20,-0.8,458
2527,宏璟,512781,23504205,46.30,46.30,45.70,45.80,-0.55,465
2528,皇普,233122,10697760,46.40,46.40,45.65,45.90,0.0,169
2530,華建,572797,28289295,49.95,49.95,49.05,49.25,-0.2,419
2534,宏盛,2250394,60511866,26.70,27.15,26.70,26.85,0.1,801
2535,達欣工,568013,32434273,56.20,57.60,56.20,57.00,0.8,872
2536,宏普,281737,9587236,34.40,34.40,33.90,34.05,-0.3,173
2537,聯上發,4369198,91570964,21.10,21.20,20.80,20.85,-0.05,1607
2538,基泰,954786,17585560,18.35,18.60,18.35,18.40,0.0,426
2539,櫻花建,779437,59696290,77.00,77.60,76.20,76.70,-0.5,716
2540,愛山林,1814537,377615456,210.00,214.00,202.00,203.50,-3.0,6300
2542,興富發,5754266,318207931,55.80,55.80,54.90,55.30,0.1,4389
2543,皇昌,40356078,2361943760,57.10,62.00,54.10,62.00,5.6,24725
2545,皇翔,442594,25901067,58.70,59.00,58.20,58.40,-0.3,350
2546,根基,121565,11496326,94.60,95.20,93.90,94.60,1.0,206
2547,日勝生,1555450,16785070,10.75,10.90,10.70,10.75,0.05,596
2548,華固,1617082,225417551,142.00,142.00,138.50,138.50,-3.0,1759
2597,潤弘,110547,19031608,173.50,173.50,171.50,171.50,-0.5,1067
2601,益航,2499050,20713779,8.30,8.34,8.23,8.30,0.0,836
2603,長榮,29560310,5483474596,189.00,189.50,184.00,184.00,-4.5,27081
2605,新興,5358331,165207366,31.20,31.30,30.55,30.80,-0.5,2882
2606,裕民,9627741,553191393,58.70,58.70,56.80,57.00,-2.0,7191
2607,榮運,2192950,70113410,32.05,32.10,31.90,31.95,0.0,954
2608,嘉里大榮,199707,8140639,40.70,40.95,40.65,40.85,0.15,208
2609,陽明,44895157,3268322447,74.30,74.40,72.20,72.30,-1.5,27951
2610,華航,54528454,1328721834,24.75,24.80,24.15,24.25,-0.45,16238
2611,志信,3161620,90922388,29.15,29.30,28.60,28.75,-0.4,1878
2612,中航,284202,13618108,48.60,48.60,47.65,47.95,-0.6,273
2613,中櫃,1908335,75855896,40.50,40.50,39.40,39.80,-0.7,1349
2614,東森,1832421,38336914,20.70,21.35,20.55,21.35,0.75,1379
2615,萬海,35577517,2998305904,86.70,86.70,82.70,83.70,-2.7,24761
2616,山隆,283144,6916400,24.40,24.50,24.35,24.45,0.05,439
2617,台航,2869454,109875884,39.05,39.10,38.00,38.00,-0.9,1771
2618,長榮航,119546256,4489289167,37.95,38.05,37.35,37.35,-0.6,35898
2630,亞航,1118871,42757230,38.60,38.75,38.05,38.25,-0.15,680
2633,台灣高鐵,3520312,108318881,30.70,30.85,30.65,30.70,0.05,1731
2634,漢翔,6307298,339215342,53.60,54.00,53.30,54.00,0.3,3275
2636,台驊投控,1088176,105017550,98.00,98.00,96.10,96.40,-1.2,1344
2637,慧洋-KY,4330741,307319118,72.60,72.60,70.30,70.60,-2.0,4414
2642,宅配通,84726,3152491,37.05,37.30,37.05,37.25,0.2,250
2645,長榮航太,707739,80307050,113.00,114.00,113.00,113.00,0.0,569
2701,萬企,188741,2515614,13.30,13.40,13.25,13.40,0.1,116
2702,華園,161277,3200530,19.95,20.00,19.70,19.85,-0.05,307
2704,國賓,299840,21868664,72.60,73.60,72.40,72.70,0.2,236
2705,六福,505641,10273482,20.20,20.45,20.20,20.25,0.1,290
2706,第一店,110399,1748440,15.85,15.90,15.80,15.80,-0.05,149
2707,晶華,226369,47424184,211.50,211.50,209.00,209.50,-1.0,369
2712,遠雄來,24110,722926,30.00,30.00,29.90,29.95,-0.05,21
2722,夏都,123090,6879319,56.80,56.80,55.60,55.90,0.2,128
2723,美食-KY,812805,70221184,86.10,86.50,85.80,86.50,0.4,287
2727,王品,685927,151733677,222.00,222.50,220.50,221.00,-1.0,1643
2731,雄獅,768021,116382653,150.50,152.50,150.50,151.50,2.0,783
2739,寒舍,217646,13403689,62.00,62.00,61.20,61.50,0.2,290
2748,雲品,242479,16439424,67.60,68.30,67.60,67.80,0.2,250
2753,八方雲集,47707,7776646,163.00,163.00,162.50,163.00,-0.5,170
2762,世界健身-KY,99839,8973203,90.00,90.10,89.70,90.00,-0.4,254
2801,彰銀,16664419,312649498,18.75,18.80,18.70,18.80,0.05,4324
2809,京城銀,2548060,160778882,63.80,64.20,62.30,62.40,-1.3,1936
2812,台中銀,4406265,81722230,18.50,18.60,18.45,18.60,0.1,1988
2816,旺旺保,258697,9151583,35.40,35.60,35.05,35.30,-0.1,205
2820,華票,1124544,17033760,15.20,15.25,15.10,15.10,-0.1,494
2832,台產,173632,4765966,27.50,27.55,27.40,27.55,0.0,133
2834,臺企銀,24280349,459829085,18.80,19.00,18.75,19.00,0.25,5697
2836,高雄銀,9719243,123050125,12.50,12.80,12.50,12.75,0.3,1792
2836A,高雄銀甲特,6274,134558,21.40,21.50,21.40,21.50,0.0,11
2838,聯邦銀,5516055,92561441,16.55,16.65,16.35,16.40,-0.2,1003
2838A,聯邦銀甲特,230554,11849014,51.40,51.50,51.30,51.50,0.0,120
2845,遠東銀,2878546,49605543,17.25,17.30,17.15,17.20,-0.05,1114
2849,安泰銀,359017,5560494,15.45,15.55,15.40,15.55,0.25,208
2850,新產,419395,38742479,92.50,92.90,92.00,92.10,-0.4,600
2851,中再保,2451724,63237005,25.90,25.95,25.70,25.80,-0.15,955
2852,第一保,281246,6913731,24.55,24.70,24.45,24.65,0.05,173
2855,統一證,1667927,49761830,30.05,30.05,29.70,29.70,-0.35,2020
2867,三商壽,21047822,159515147,7.59,7.67,7.46,7.60,0.04,4678
2880,華南金,17832137,485711061,27.10,27.40,27.05,27.05,-0.05,6463
2881,富邦金,22021489,1864439865,83.70,85.00,83.70,84.90,1.2,11177
2881A,富邦特,170430,10799068,63.30,63.40,63.20,63.40,0.3,88
2881B,富邦金乙特,51283,3046375,59.40,59.50,59.40,59.50,0.0,41
2881C,富邦金丙特,57047,3047984,53.50,53.60,53.40,53.50,0.1,86
2882,國泰金,38281598,2334538219,61.30,61.50,60.50,61.30,0.6,11377
2882A,國泰特,143644,8654740,60.20,60.40,60.20,60.20,0.1,47
2882B,國泰金乙特,274713,15797952,57.50,57.80,57.50,57.80,0.0,41
2883,開發金,49211965,788934142,16.05,16.30,15.90,16.00,0.0,11924
2883B,開發金乙特,1326429,9730640,7.32,7.35,7.32,7.35,0.01,269
2884,玉山金,14060979,412899841,29.25,29.30,29.05,29.25,0.0,6916
2885,元大金,9725455,320936057,33.00,33.10,32.90,33.00,-0.1,3814
2886,兆豐金,18854552,793636602,42.00,42.40,41.90,42.10,0.15,14764
2887,台新金,8548002,166771870,19.30,19.35,19.25,19.25,-0.05,4639
2887E,台新戊特,58690,2989039,50.90,51.00,50.90,51.00,0.1,48
2887F,台新戊特二,47547,2176759,45.80,45.80,45.75,45.75,-0.05,20
2887Z1,台新己特,159876,2573133,16.10,16.10,16.05,16.10,0.0,101
2888,新光金,214226696,2149849888,10.25,10.25,9.80,10.15,-0.25,24021
2888A,新光金甲特,47194,1429684,30.30,30.35,30.25,30.35,0.05,46
2888B,新光金乙特,58947,1806674,30.65,30.70,30.60,30.70,0.1,43
2889,國票金,7201516,121919385,16.95,17.05,16.85,16.95,0.0,2290
2890,永豐金,7725976,204528223,26.60,26.70,26.35,26.40,-0.2,3377
2891,中信金,79226637,3169912766,39.95,40.20,39.70,40.05,0.3,17147
2891B,中信金乙特,53178,3215105,60.40,60.70,60.30,60.70,0.3,65
2891C,中信金丙特,6961,407031,58.30,58.70,58.30,58.70,0.0,29
2892,第一金,6146975,175617490,28.55,28.65,28.50,28.60,0.0,3800
2897,王道銀行,6181784,66225369,10.75,10.80,10.65,10.70,-0.05,955
2897A,王道銀甲特,360591,3824785,10.60,10.65,10.60,10.60,0.0,36
2901,欣欣,2585,71830,27.75,27.75,27.75,27.75,-0.05,45
2903,遠百,36438371,1224387261,35.55,35.60,34.60,34.70,-0.75,2503
2904,匯僑,39374,755526,19.20,19.25,19.15,19.20,0.0,41
2905,三商,881821,15074168,17.00,17.25,16.90,17.10,0.0,480
2906,高林,1711642,40320889,23.80,23.95,23.20,23.35,0.05,925
2908,特力,215280,4496770,21.05,21.05,20.75,20.75,-0.1,76
2910,統領,2000,54850,27.40,27.45,27.40,27.45,-0.05,2
2911,麗嬰房,2637824,21907931,7.90,8.47,7.70,8.47,0.77,1837
2912,統一超,1025309,285332016,277.50,279.00,277.00,279.00,2.0,1456
2913,農林,9463226,219184621,23.15,23.40,23.00,23.10,0.1,4058
2915,潤泰全,2807020,199391385,71.60,71.70,70.70,70.90,-0.3,3263
2923,鼎固-KY,10717,340700,31.10,32.00,31.10,31.90,0.15,46
2929,淘帝-KY,905935,8715977,9.54,9.72,9.47,9.64,0.27,429
2939,凱羿-KY,11137,268373,24.15,24.15,23.95,24.10,0.15,19
2945,三商家購,17356,768259,44.70,44.70,43.85,43.85,0.0,48
3002,歐格,905157,15310044,16.55,17.25,16.40,17.00,0.6,482
3003,健和興,261725,19889674,75.50,76.30,75.40,76.10,1.0,336
3004,豐達科,183732,18907607,103.00,103.50,102.50,102.50,-0.5,174
3005,神基,8660894,1024345893,121.50,121.50,117.00,117.00,-4.0,12844
3006,晶豪科,2897370,294118880,102.00,103.00,100.50,101.00,-0.5,2408
3008,大立光,1784339,5182647870,2850.00,2970.00,2850.00,2895.00,55.0,7213
3010,華立,6878336,1044994869,149.00,157.00,147.50,148.00,2.0,4912
3011,今皓,511267,14832150,29.35,29.35,28.95,28.95,-0.4,328
3013,晟銘電,7326079,651754944,89.10,90.00,88.00,90.00,1.0,5139
3014,聯陽,2239896,404798906,184.50,184.50,179.50,179.50,-4.5,2117
3015,全漢,760800,47235288,61.50,62.70,60.90,62.20,1.2,554
3016,嘉晶,5825452,411782502,67.60,72.50,67.60,71.70,4.1,4346
3017,奇鋐,7951054,6030438595,759.00,767.00,748.00,764.00,12.0,10116
3018,隆銘綠能,304421,6824637,21.35,24.30,21.35,24.00,0.5,528
3019,亞光,4738745,358600420,74.70,76.00,74.00,76.00,6.9,2544
3021,鴻名,818679,21979360,26.15,27.20,26.15,26.90,0.75,647
3022,威強電,1119281,94692441,83.70,85.20,83.60,84.50,0.8,1354
3023,信邦,652152,190319813,294.00,294.00,290.00,290.50,-3.5,2556
3024,憶聲,3665311,82402981,22.10,22.75,22.10,22.40,0.4,1416
3025,星通,2980267,222195745,74.20,75.90,73.00,74.00,0.6,2352
3026,禾伸堂,213857,20049967,94.50,94.50,93.50,93.90,0.0,237
3027,盛達,1060970,44784900,42.10,42.60,41.90,42.10,0.3,757
3028,增你強,533729,19134067,35.90,35.95,35.70,35.90,0.05,354
3029,零壹,1928816,202569485,104.00,106.50,102.00,106.00,2.0,1995
3030,德律,2701288,461596765,173.00,174.00,168.00,172.00,0.5,3214
3031,佰鴻,628138,14511646,23.05,23.30,22.90,23.25,0.3,375
3032,偉訓,935090,68684367,72.50,74.00,72.50,73.60,1.3,710
3033,威健,3274771,125796525,38.45,38.70,38.25,38.55,0.25,1797
3034,聯詠,2392414,1481272523,620.00,622.00,616.00,618.00,-2.0,3087
3035,智原,13149594,4591334931,344.00,353.00,344.00,351.00,10.0,12545
3036,文曄,4240867,508715217,120.50,121.50,119.00,119.50,-0.5,3076
3036A,文曄甲特,56072,2647901,47.20,47.30,47.20,47.25,0.05,32
3037,欣興,14629696,2625056828,182.50,183.50,178.50,178.50,-3.0,11914
3038,全台,685731,21177519,30.45,31.05,30.45,30.90,0.55,480
3040,遠見,92993,3141487,34.20,34.20,33.30,33.65,-0.35,382
3041,揚智,2339341,54513060,23.40,23.60,22.65,23.55,0.35,1287
3042,晶技,5503321,644976514,116.00,118.50,115.50,116.00,1.0,2950
3043,科風,554337,20622256,37.85,37.85,36.60,37.35,0.55,658
3044,健鼎,2569985,575874021,224.00,225.00,222.50,225.00,2.0,2380
3045,台灣大,51369653,5846406244,111.00,116.00,109.50,116.00,5.0,12802
3046,建碁,322334,20524359,62.70,64.40,62.70,63.80,1.1,267
3047,訊舟,66898086,2520138828,36.00,39.20,35.40,39.20,3.55,29491
3048,益登,59633384,3160206866,53.80,54.60,50.90,52.50,2.8,33045
3049,精金,5618167,53041986,9.37,9.54,9.25,9.41,0.06,2078
3050,鈺德,20476163,507302248,24.00,25.80,23.70,25.05,1.5,8484
3051,力特,667441,21415283,31.95,32.35,31.70,32.25,0.3,482
3052,夆典,524142,6984022,13.40,13.40,13.25,13.35,0.0,219
3054,立萬利,19000,387350,20.35,20.60,20.30,20.60,-0.05,11
3055,蔚華科,8126606,782046291,92.60,99.20,92.00,96.90,0.0,5472
3056,富華新,1798880,63629978,35.60,35.80,35.10,35.30,-0.4,1892
3057,喬鼎,3143770,54438244,17.35,17.90,16.80,17.40,-0.3,1654
3058,立德,2169625,44578420,20.25,20.80,20.25,20.35,0.1,1077
3059,華晶科,8060884,338982690,41.30,42.50,41.30,41.90,0.65,4838
3060,銘異,5408383,185061380,33.90,34.55,33.60,34.35,0.6,2894
3062,建漢,15835064,494919996,31.00,32.00,30.45,31.35,0.35,8272
3090,日電貿,877938,57145429,64.20,65.50,64.20,65.10,1.0,750
3092,鴻碩,253841,8478423,33.20,33.60,33.15,33.35,0.15,303
3094,聯傑,6389707,221231037,32.00,35.05,31.90,35.05,3.15,3441
3130,一零四,31519,7485562,236.50,238.00,236.50,237.50,1.5,163
3138,耀登,213259,27441841,128.00,130.50,126.50,128.50,1.5,245
3149,正達,4847997,153895755,30.90,32.70,30.85,32.00,1.5,2960
3150,鈺寶-創,103837,4248515,40.85,42.00,40.30,41.95,1.15,57
3164,景岳,40433,966523,23.75,23.95,23.75,23.90,0.15,103
3167,大量,2414017,179940394,74.50,76.60,72.60,74.10,0.5,1861
3168,眾福科,184246,10889589,58.70,59.80,58.40,59.50,1.1,126
3189,景碩,9333656,858865226,91.00,92.80,90.80,92.70,2.5,6374
3209,全科,1731682,64742455,37.00,37.65,36.95,37.65,0.7,1156
3229,晟鈦,1034400,33178121,32.15,32.15,31.10,32.15,2.9,564
3231,緯創,14833816,1614794019,109.50,110.00,108.50,109.00,0.0,9465
3257,虹冠電,294008,17910175,60.00,61.30,60.00,61.20,1.3,275
3266,昇陽,522238,13410568,26.05,26.05,25.40,25.70,-0.25,443
3296,勝德,5209929,165945399,30.10,32.85,29.75,32.05,2.15,3365
3305,昇貿,1581007,124217224,78.10,79.20,77.50,79.10,1.3,1186
3308,聯德,292806,8586652,29.15,29.75,29.00,29.35,0.2,382
3311,閎暉,126557,5067973,40.00,40.15,39.95,40.10,0.15,112
3312,弘憶股,23079483,2170321042,93.40,95.80,92.50,93.10,0.9,15467
3321,同泰,1755937,43358217,25.50,25.75,23.70,24.30,-0.55,1182
3338,泰碩,9502921,848619624,85.70,91.20,85.70,90.30,4.8,7079
3346,麗清,619120,26764587,43.00,43.45,42.75,43.40,0.4,514
3356,奇偶,3052576,224209718,73.90,74.30,73.00,73.10,-0.9,2612
3376,新日興,4641671,1025458525,220.50,225.50,218.00,218.50,-0.5,12236
3380,明泰,3329939,120595847,36.00,36.45,35.90,36.30,0.55,1854
3406,玉晶光,5379044,3302626182,632.00,636.00,600.00,611.00,-21.0,10011
3413,京鼎,3716243,1469953703,392.50,403.00,384.50,397.50,10.0,4267
3416,融程電,91867,13913628,151.00,152.00,151.00,152.00,1.0,125
3419,譁裕,1443009,28676542,19.80,20.10,19.55,19.95,0.4,746
3432,台端,411646,12055166,29.55,29.70,28.70,29.00,0.3,340
3437,榮創,1785859,51412833,28.00,29.35,28.00,28.80,0.8,1148
3443,創意,1746637,2800069010,1615.00,1625.00,1590.00,1600.00,-15.0,3199
3447,展達,75378,2593891,34.40,34.70,34.20,34.65,0.3,92
3450,聯鈞,46583758,6694011565,142.00,149.00,137.50,143.50,2.5,29199
3454,晶睿,345460,48313329,138.00,141.00,138.00,140.00,2.0,446
3481,群創,114603971,1718425322,15.00,15.15,14.75,15.10,0.2,22952
3494,誠研,199868,1408707,7.09,7.09,7.00,7.03,-0.06,68
3501,維熹,402921,31691591,78.50,79.00,78.00,78.60,0.0,300
3504,揚明光,1355104,86113882,61.50,64.40,61.50,63.40,2.5,1278
3515,華擎,406743,93822814,234.00,234.00,228.50,229.00,-1.0,469
3518,柏騰,526788,16374074,30.50,31.40,30.50,31.20,0.75,353
3528,安馳,98798,5007287,51.20,51.20,50.30,50.90,0.5,104
3530,晶相光,280845,29365190,104.00,105.50,103.50,104.50,1.0,280
3532,台勝科,2658268,487999298,182.00,186.00,180.00,185.00,5.5,2500
3533,嘉澤,794258,1255867115,1595.00,1605.00,1565.00,1580.00,15.0,1725
3535,晶彩科,22534669,1315382750,58.00,59.40,56.70,59.40,5.4,9573
3543,州巧,206405,4712059,22.85,22.95,22.80,22.90,0.1,123
3545,敦泰,1559565,136357313,87.40,88.30,86.30,87.50,1.0,1355
3550,聯穎,240834,3875963,16.10,16.20,15.95,16.20,0.1,147
3557,嘉威,131036,9921181,75.50,76.10,75.20,75.90,0.2,257
3563,牧德,830365,337043927,410.00,417.00,399.50,403.50,-9.0,1200
3576,聯合再生,38459773,574491115,15.00,15.20,14.65,14.85,-0.25,12350
3583,辛耘,12848922,5626211386,411.50,451.50,408.50,451.50,41.0,12785
3588,通嘉,1761921,163190804,90.10,94.50,89.30,93.50,3.6,1467
3591,艾笛森,5165957,167403841,32.45,33.40,31.55,31.85,-0.15,2963
3592,瑞鼎,450657,181125246,405.00,407.50,399.00,403.50,1.5,896
3593,力銘,480569,6903244,13.55,14.90,13.40,14.90,1.35,388
3596,智易,1292323,212312611,166.00,166.00,163.00,164.50,-0.5,1099
3605,宏致,1815780,89842505,48.75,50.40,48.10,49.90,1.45,1250
3607,谷崧,3233248,64609491,19.75,20.35,19.50,19.85,0.25,1456
3617,碩天,3119729,928448136,302.00,312.00,285.50,292.50,-6.5,5707
3622,洋華,3858580,299518508,77.90,79.70,76.50,77.50,0.0,3501
3645,達邁,3812307,172061897,44.90,45.85,44.70,45.65,1.2,1693
3652,精聯,1223070,60969698,51.00,51.20,48.80,49.20,-1.3,944
3653,健策,1030049,1333065310,1215.00,1335.00,1215.00,1320.00,105.0,1932
3661,世芯-KY,2928024,7463372970,2615.00,2625.00,2510.00,2525.00,-90.0,14219
3665,貿聯-KY,3937601,1513539205,384.00,388.50,380.50,385.00,1.5,2960
3669,圓展,3598555,215212542,55.30,60.50,55.30,60.50,5.5,2523
3673,TPK-KY,15677482,697435250,43.55,45.50,43.00,44.60,1.0,8330
3679,新至陞,92504,12135920,131.00,132.00,130.50,130.50,-1.5,134
3686,達能,2424657,72102806,29.65,30.90,29.00,30.05,-0.2,1862
3694,海華,1879649,97428072,50.80,52.70,50.30,52.20,1.7,1249
3701,大眾控,539755,28061863,51.90,52.60,51.00,52.40,0.4,459
3702,大聯大,4814780,445924959,93.70,93.70,91.70,92.60,-1.1,3934
3702A,大聯大甲特,184983,9052554,48.95,49.00,48.90,48.90,-0.05,68
3703,欣陸,1961837,70310619,36.05,36.20,35.70,35.75,-0.3,1474
3704,合勤控,1033717,41368046,40.00,40.20,39.80,40.15,0.0,785
3705,永信,247023,12869454,52.00,52.30,51.80,52.30,0.3,233
3706,神達,12085402,550193764,44.70,46.00,44.65,45.90,1.3,6619
3708,上緯投控,9340533,1403576622,144.50,155.50,144.50,153.00,11.0,7026
3711,日月光投控,7482565,1252512528,167.50,169.00,165.00,168.50,2.5,6137
3712,永崴投控,4057627,230789319,57.20,57.80,55.80,57.00,0.2,3148
3714,富采,5623558,257508186,45.25,46.30,44.70,46.30,1.35,3881
3715,定穎投控,5034425,324965157,64.00,65.30,63.30,64.90,1.1,3759
4104,佳醫,99280,8941971,90.00,90.20,90.00,90.00,-0.2,200
4106,雃博,249834,7255787,29.00,29.15,28.85,29.10,0.1,213
4108,懷特,571323,11496144,20.15,20.25,20.00,20.25,0.1,491
4119,旭富,194265,17741213,92.00,92.00,90.90,91.30,0.1,227
4133,亞諾法,286457,9713809,33.90,34.15,33.70,34.05,0.25,339
4137,麗豐-KY,106138,16615203,157.00,157.50,156.00,157.50,0.5,185
4142,國光生,849482,24212212,28.65,28.65,28.40,28.45,-0.05,502
4148,全宇生技-KY,42000,2093250,49.55,50.50,48.95,50.50,1.2,41
4155,訊映,336829,8564370,25.50,25.65,25.30,25.55,0.1,381
4164,承業醫,421255,22112631,52.10,53.00,52.10,52.30,-0.1,366
4190,佐登-KY,88491,4616174,52.50,52.50,52.00,52.30,0.2,87
4306,炎洲,4554879,98598724,21.65,21.85,21.45,21.65,-0.05,1819
4414,如興,1083198,3172293,2.98,2.98,2.91,2.93,0.0,197
4426,利勤,120153,1979738,16.30,16.55,16.30,16.55,0.05,107
4438,廣越,67527,7753624,115.50,115.50,114.50,114.50,-0.5,57
4439,冠星-KY,7097,783717,110.00,111.00,110.00,110.50,0.5,11
4440,宜新實業,168788,4573799,27.40,27.40,26.80,27.25,-0.15,108
4526,東台,12143969,418313909,32.90,35.65,32.90,35.65,3.2,6623
4532,瑞智,4772380,144919423,29.95,30.75,29.85,30.65,0.95,2426
4536,拓凱,153521,30759963,200.50,201.50,199.50,199.50,-1.0,2335
4540,全球傳動,5315759,195164391,36.00,38.00,35.40,37.10,2.3,4832
4545,銘鈺,3660137,233941445,60.10,66.40,59.50,66.40,6.0,2475
4551,智伸科,139922,15390871,110.50,111.50,109.00,110.00,-1.5,129
4552,力達-KY,246652,7012254,28.30,28.55,28.30,28.50,0.2,157
4555,氣立,205518,12614114,60.90,62.50,60.40,62.00,1.0,277
4557,永新-KY,150367,17242304,115.50,116.00,113.50,114.50,0.0,181
4560,強信-KY,256000,9533550,37.20,37.50,37.05,37.20,0.0,58
4562,穎漢,24001502,1705359639,72.30,72.90,68.30,72.90,6.6,11905
4564,元翎,1289883,31205800,23.75,24.40,23.75,24.40,0.7,734
4566,時碩工業,7724216,708655268,92.80,93.40,90.30,91.00,-1.3,5124
4569,六方科-KY,20203,2044104,101.00,101.50,100.50,100.50,1.3,17
4571,鈞興-KY,1390104,186813903,129.00,138.00,129.00,133.00,5.5,1293
4572,駐龍,253162,41124569,160.00,164.50,159.00,163.00,3.5,304
4576,大銀微系統,1727691,141106608,79.00,83.90,78.30,80.40,2.2,1477
4581,光隆精密-KY,10015,633048,63.30,63.30,63.10,63.20,0.0,13
4583,台灣精銳,168739,48502529,281.50,291.50,281.00,291.50,10.0,294
4588,玖鼎電力,2008712,247987050,123.50,128.00,120.00,121.50,-2.0,1676
4720,德淵,2641512,65083268,24.80,25.05,24.30,24.40,0.2,1580
4722,國精化,272695,14299862,53.10,53.10,52.00,52.50,-0.4,301
4736,泰博,138865,23392359,169.00,169.50,168.00,168.00,-1.0,251
4737,華廣,43021,2986057,69.90,69.90,69.30,69.30,0.1,39
4739,康普,1004098,72684497,71.50,73.40,71.00,72.90,1.5,1087
4746,台耀,1972824,204457139,102.00,105.00,101.50,104.50,3.0,1535
4755,三福化,524192,76849984,145.50,147.50,145.00,146.50,2.5,626
4763,材料-KY,1013877,927199729,920.00,927.00,907.00,907.00,-11.0,4343
4764,雙鍵,49558,2181227,44.00,44.40,43.60,44.25,0.65,78
4766,南寶,319343,111465384,350.00,351.00,346.50,348.50,0.5,389
4770,上品,444015,185595754,429.00,431.50,411.50,414.00,-15.0,870
4771,望隼,363707,101699471,282.00,283.50,276.50,279.00,-4.5,608
4807,日成-KY,37254,647248,17.20,17.75,17.10,17.50,0.4,40
4904,遠傳,22175286,2038221231,91.10,93.60,90.00,91.00,-0.1,11275
4906,正文,16678298,669087689,39.60,40.95,39.35,39.80,0.45,8764
4912,聯德控股-KY,267548,32805987,122.50,123.50,121.00,123.00,0.5,214
4915,致伸,3999732,363082040,90.60,91.90,89.80,90.00,0.2,3919
4916,事欣科,1301792,40712798,30.40,31.65,30.40,31.45,1.05,864
4919,新唐,6718454,853996076,126.50,128.50,125.00,128.50,2.5,3345
4927,泰鼎-KY,1002419,38829478,38.15,39.20,38.15,39.05,0.9,635
4930,燦星網,92945,3133024,33.70,33.90,33.55,33.75,0.05,157
4934,太極,1533320,38896407,25.60,25.75,25.10,25.30,-0.15,1003
4935,茂林-KY,132956,8622617,64.20,65.50,64.10,65.10,0.9,160
4938,和碩,7727871,807335730,107.00,107.00,103.50,103.50,-3.0,4752
4942,嘉彰,284289,13579804,47.55,47.90,47.55,47.80,0.25,206
4943,康控-KY,18670,380859,20.45,20.85,20.25,20.70,0.2,42
4949,有成精密,423206,13074318,31.95,31.95,30.30,30.95,-0.45,406
4952,凌通,2172107,144360082,64.60,67.70,64.60,67.20,3.1,1771
4956,光鋐,2538130,69592248,27.50,27.85,27.10,27.15,-0.3,1478
4958,臻鼎-KY,21557495,3005711564,139.00,142.50,137.00,141.00,2.0,10849
4960,誠美材,32768729,515390110,14.55,16.00,14.55,15.90,1.35,8877
4961,天鈺,3488917,941583297,277.50,278.50,267.00,267.00,-10.5,11402
4967,十銓,29896939,4539459356,150.00,155.50,148.00,150.50,8.0,19033
4968,立積,17743708,4304504706,242.00,249.00,234.00,243.00,12.5,16502
4976,佳凌,9417511,532843271,53.50,57.90,53.30,57.90,5.2,4838
4977,眾達-KY,2060789,169886667,80.30,83.40,80.30,82.20,2.0,1573
4989,榮科,163669,4124410,25.05,25.35,25.05,25.30,0.3,129
4994,傳奇,181608,21121359,118.00,118.00,115.00,115.00,-2.0,234
4999,鑫禾,56654,2018076,35.50,35.70,35.50,35.70,0.2,140
5007,三星,49135,2795536,57.00,57.00,56.80,57.00,0.3,44
5203,訊連,925139,101534070,106.50,111.00,106.50,110.00,4.0,839
5215,科嘉-KY,146753,7881368,54.60,54.60,53.50,53.50,0.1,122
5222,全訊,399038,64187832,161.50,162.00,160.50,160.50,-1.0,485
5225,東科-KY,1298282,151120822,116.00,118.00,114.00,118.00,2.0,951
5234,達興材料,1829209,273858538,145.00,152.00,145.00,151.00,7.0,1538
5243,乙盛-KY,5009505,349867514,69.60,71.00,69.30,69.50,0.0,5439
5244,弘凱,433620,21593047,48.50,50.40,48.50,49.90,1.45,284
5258,虹堡,1365539,181787793,132.00,134.00,132.00,134.00,2.5,1413
5269,祥碩,998498,1987759340,1995.00,2015.00,1975.00,1975.00,-25.0,2399
5283,禾聯碩,402041,42279121,106.00,106.00,104.50,105.50,-0.5,499
5284,jpp-KY,585305,77073896,132.00,133.00,130.50,132.00,1.5,424
5285,界霖,112046,7790569,69.80,69.80,69.10,69.60,0.2,106
5288,豐祥-KY,23001,4724706,205.00,206.50,205.00,205.00,0.0,22
5292,華懋,417669,75114913,178.00,182.00,176.50,182.00,4.5,407
5306,桂盟,269287,37504717,138.50,140.50,137.00,139.50,0.5,207
5388,中磊,3892432,464896155,119.00,121.00,118.50,119.00,0.5,2705
5434,崇越,625098,169979070,275.00,276.00,270.00,271.00,-3.5,1046
5469,瀚宇博,12526189,701517150,57.00,57.10,55.60,56.10,-0.9,6597
5471,松翰,643651,34022033,52.30,53.20,52.20,53.20,1.1,486
5484,慧友,10626465,1226980690,117.00,118.50,108.00,118.50,10.5,9466
5515,建國,790459,18444067,23.50,23.60,23.10,23.45,0.0,425
5519,隆大,932859,44571024,47.90,48.30,47.45,48.25,0.75,641
5521,工信,4000425,50102945,12.65,12.70,12.45,12.50,-0.1,934
5522,遠雄,815399,69758178,86.50,86.50,84.70,84.90,-1.0,1179
5525,順天,147522,5567714,38.20,38.20,37.50,37.60,-0.65,278
5531,鄉林,1827841,20098903,11.20,11.25,10.90,10.95,-0.15,665
5533,皇鼎,1211120,29262854,24.05,24.30,24.05,24.30,0.3,457
5534,長虹,832043,96210053,116.50,116.50,114.50,116.50,0.5,762
5538,東明-KY,39116,1224391,31.60,31.80,31.25,31.25,-0.65,53
5546,永固-KY,9000,276850,30.50,30.90,30.50,30.75,0.25,9
5607,遠雄港,1296167,77019958,59.10,59.70,58.90,59.50,0.5,1385
5608,四維航,3130432,66739732,21.60,21.80,21.20,21.35,-0.25,1627
5706,鳳凰,1619782,113657100,69.80,71.10,69.00,70.60,0.0,1492
5871,中租-KY,5190062,816125209,158.50,159.00,156.50,157.00,-1.0,4768
5871A,中租-KY甲特,105174,10268998,97.70,97.70,97.60,97.60,-0.1,28
5876,上海商銀,4500150,207235454,46.30,46.35,45.90,46.15,-0.15,2445
5880,合庫金,7286595,193424125,26.50,26.60,26.50,26.55,0.0,4611
5906,台南-KY,58046,3686851,64.20,64.20,63.40,64.20,0.0,32
5907,大洋-KY,152379,1501053,9.85,9.91,9.80,9.85,0.0,82
6005,群益證,7297955,183635710,25.35,25.40,25.10,25.10,-0.2,3212
6024,群益期,670612,38722617,58.60,58.60,57.30,57.80,-0.9,635
6108,競國,634828,13078872,20.50,20.75,20.40,20.60,0.2,272
6112,邁達特,1552970,106132396,67.90,68.80,67.30,68.60,0.8,1173
6115,鎰勝,1102911,61985702,56.50,56.60,55.50,55.50,0.0,786
6116,彩晶,12693998,127842260,10.05,10.15,9.97,10.10,0.1,3103
6117,迎廣,2654689,317030804,120.00,121.50,118.50,118.50,-1.5,2286
6120,達運,11172814,184274398,16.10,16.85,16.00,16.40,0.4,3550
6128,上福,164689,6343574,38.35,38.70,38.35,38.55,0.05,181
6133,金橋,7461962,146061523,19.50,20.10,18.40,20.10,1.8,3033
6136,富爾特,1394891,33656219,24.05,24.40,23.95,24.30,0.35,648
6139,亞翔,8058403,2148193769,269.00,272.00,263.00,263.00,-3.0,14877
6141,柏承,852009,15248620,17.70,18.30,17.50,17.90,0.5,486
6142,友勁,4443564,52168128,11.90,12.15,11.45,12.15,-0.05,1818
6152,百一,8276306,143856544,16.30,17.85,16.30,17.85,1.6,3296
6153,嘉聯益,22978172,540958501,21.80,23.95,21.80,23.95,2.15,8719
6155,鈞寶,848046,25487528,29.75,30.25,29.65,30.10,0.75,476
6164,華興,2016598,34879487,17.05,17.50,17.05,17.30,0.25,1017
6165,浪凡,428917,16771436,39.00,39.45,38.95,39.20,0.35,233
6166,凌華,4648473,395473198,83.90,87.90,82.00,84.30,0.6,3457
6168,宏齊,2366440,57993905,24.10,24.70,24.10,24.65,0.55,828
6176,瑞儀,2282005,425195027,189.50,190.00,185.00,186.50,-1.5,2163
6177,達麗,2128999,130736341,62.30,62.30,60.60,61.40,-0.4,1688
6183,關貿,17098,1276905,74.90,74.90,74.50,74.80,-0.1,73
6184,大豐電,12131,648600,53.40,53.50,53.30,53.50,0.1,33
6189,豐藝,16345838,1745987029,111.50,113.50,102.00,103.00,-8.0,19519
6191,精成科,5332229,401897138,76.90,77.00,74.60,74.80,-2.0,6390
6192,巨路,391942,50311537,126.00,130.00,125.50,129.00,3.5,470
6196,帆宣,1825974,321419841,175.00,177.00,174.50,177.00,2.5,2714
6197,佳必琪,3809695,716799501,190.50,193.00,185.50,186.00,-3.0,3531
6201,亞弘電,28299,1819899,64.00,64.50,64.00,64.20,-0.3,71
6202,盛群,7022797,442904993,60.60,64.20,60.30,63.80,3.4,4628
6205,詮欣,804650,63643057,81.50,81.50,78.20,78.90,-1.8,741
6206,飛捷,713390,72083732,99.90,102.00,99.90,101.50,2.0,1217
6209,今國光,11055505,360468807,31.45,33.35,31.10,32.50,1.7,6031
6213,聯茂,22074893,2922491346,126.00,137.00,126.00,135.00,8.0,13087
6214,精誠,400973,49148130,122.50,123.00,122.00,122.50,0.5,493
6215,和椿,21648703,1448476906,65.20,68.60,64.70,66.20,1.6,13482
6216,居易,2302873,115877993,49.50,51.00,49.45,51.00,1.65,1588
6224,聚鼎,294971,16028480,53.60,54.80,53.40,54.70,0.9,266
6225,天瀚,17333,272104,16.25,16.25,15.55,16.05,0.0,11
6226,光鼎,998718,11686151,11.80,11.80,11.60,11.70,0.0,435
6230,尼得科超眾,932771,306630966,331.00,336.00,323.50,324.00,0.0,2971
6235,華孚,1635280,152509909,94.40,94.40,92.50,92.50,-1.9,2133
6239,力成,6266423,1211324451,187.00,196.50,186.50,195.50,7.5,5532
6243,迅杰,333641,20057660,60.00,60.70,59.30,60.60,0.5,413
6257,矽格,6872246,538970146,77.50,79.50,77.20,78.40,0.5,3786
6269,台郡,6751195,624897799,92.30,94.00,90.90,92.00,-1.6,6915
6271,同欣電,3499300,535777182,150.50,155.00,149.00,155.00,5.5,2848
6277,宏正,81837,6755956,82.80,82.80,82.40,82.50,-0.3,92
6278,台表科,13142875,1810595877,134.00,140.00,133.50,136.00,2.5,6623
6281,全國電,65987,5550164,84.10,84.40,84.00,84.10,-0.1,80
6282,康舒,20915360,846412829,39.95,41.15,39.60,40.25,0.35,12066
6283,淳安,555324,17031618,30.40,31.10,30.30,30.80,0.4,389
6285,啟碁,2935010,434758400,149.00,149.50,147.50,147.50,-0.5,2414
6288,聯嘉,2476874,78176704,31.50,31.85,31.15,31.55,0.35,1179
6405,悅城,3328531,94387768,26.10,28.70,26.10,28.40,2.3,1551
6409,旭隼,38650,70651930,1870.00,1870.00,1810.00,1810.00,-20.0,235
6412,群電,1304013,185276708,139.50,144.00,139.00,142.50,5.0,1171
6414,樺漢,4586373,1594577796,349.00,358.00,340.00,342.00,0.0,5222
6415,矽力*-KY,2434284,1041671408,433.00,435.00,423.00,429.50,0.5,2873
6416,瑞祺電通,2910668,435194247,147.50,154.50,144.50,146.50,2.5,2269
6423,億而得-創,91262,9574878,105.00,106.50,104.00,104.50,1.0,69
6426,統新,248118,16736849,66.90,68.50,66.50,67.70,1.5,199
6431,光麗-KY,149066,2534781,17.30,17.30,16.80,16.85,-0.35,94
6438,迅得,5426507,704752603,133.00,133.50,126.50,129.00,0.0,7058
6442,光聖,5907334,2532379474,423.00,438.50,410.00,438.50,39.5,5715
6443,元晶,42253846,1356974660,31.90,32.75,31.10,32.60,0.95,20236
6446,藥華藥,3039398,1726645361,560.00,577.00,559.00,567.00,13.0,4267
6449,鈺邦,4030321,628794573,160.00,161.50,152.00,158.00,-1.5,3376
6451,訊芯-KY,9616998,2471628677,274.00,276.00,248.50,254.50,-20.5,13553
6456,GIS-KY,1792912,123127208,67.40,69.50,67.00,69.30,2.0,1693
6464,台數科,13591,1150399,84.60,85.00,84.60,84.60,-0.3,22
6472,保瑞,1589699,1388204024,866.00,884.00,863.00,876.00,14.0,2692
6477,安集,8784980,413148136,46.00,48.50,45.90,46.45,0.65,5475
6491,晶碩,1338752,586088895,448.50,453.00,429.00,431.00,-17.0,3411
6504,南六,44614,3290782,72.80,74.20,72.80,73.80,0.6,48
6505,台塑化,3303411,216271615,66.10,66.10,65.20,65.40,-0.6,2629
6515,穎崴,996523,1068354930,1035.00,1120.00,1025.00,1095.00,65.0,1497
6525,捷敏-KY,219541,15143059,69.90,69.90,68.10,68.90,-0.4,334
6526,達發,1034939,763238188,747.00,750.00,732.00,738.00,-2.0,2960
6531,愛普*,6198254,2481419058,412.00,412.00,394.00,394.50,-7.5,7582
6533,晶心科,507205,219393575,431.00,436.00,429.00,431.50,2.5,790
6534,正瀚-創,24000,2016600,84.10,84.50,83.80,84.10,0.1,22
6541,泰福-KY,4030781,283444728,73.30,73.30,65.10,67.60,0.9,2605
6550,北極星藥業-KY,913708,67081402,73.60,74.20,73.10,73.20,-0.4,728
6552,易華電,2101164,119230776,57.60,57.80,55.80,55.80,-3.1,1629
6558,興能高,341304,9160056,26.85,27.05,26.60,26.60,-0.2,197
6573,虹揚-KY,153048,2216089,14.40,14.55,14.40,14.50,0.1,69
6579,研揚,809062,153633623,186.00,191.50,186.00,188.50,2.5,2577
6581,鋼聯,406077,44568270,111.50,111.50,108.50,109.00,2.0,471
6582,申豐,1678886,116214103,66.20,71.30,65.20,71.30,6.4,1802
6585,鼎基,382140,70351859,185.00,186.50,181.00,182.50,-1.0,390
6591,動力-KY,518195,30620127,59.20,59.80,58.70,59.00,0.0,460
6592,和潤企業,570641,66954946,118.00,118.00,116.50,117.50,-0.5,517
6592A,和潤企業甲特,1354,134551,99.40,99.40,99.40,99.40,0.1,5
6592B,和潤企業乙特,17311,1658795,96.00,96.00,95.80,95.80,-0.2,20
6598,ABC-KY,533831,15782259,28.50,30.40,28.25,30.00,1.2,429
6605,帝寶,468161,117206886,254.00,254.50,247.00,251.00,-2.5,780
6606,建德工業,233181,6422971,27.30,27.70,27.30,27.45,0.15,114
6625,必應,354570,35876627,102.00,102.00,100.00,101.50,0.5,467
6641,基士德-KY,27200,1119225,40.85,41.45,40.85,41.30,0.3,23
6645,金萬林-創,66170,2453540,37.00,37.50,37.00,37.00,-0.15,41
6655,科定,113781,15111723,135.00,135.00,126.50,129.50,6.5,131
6657,華安,169576,9620553,56.40,58.00,56.00,56.80,0.7,111
6658,聯策,2847523,229925673,85.50,85.50,77.00,80.00,2.1,2140
6666,羅麗芬-KY,30100,1882959,62.60,62.90,62.30,62.50,-0.1,28
6668,中揚光,1472940,91022070,60.40,62.70,60.00,62.00,2.5,1209
6669,緯穎,985755,2710413585,2800.00,2800.00,2715.00,2725.00,-5.0,2617
6670,復盛應用,416261,113775777,276.00,277.00,271.50,272.50,-3.5,836
6671,三能-KY,24598,1133804,46.15,46.30,46.00,46.15,-0.3,86
6672,騰輝電子-KY,564705,45409154,80.70,80.90,80.00,80.20,-1.1,623
6674,鋐寶科技,67112,1813224,27.00,27.50,26.80,27.20,0.2,60
6689,伊雲谷,434934,44914041,103.00,104.00,101.50,103.50,1.0,416
6691,洋基工程,615988,277839863,445.00,458.50,440.00,447.00,13.0,1921
6695,芯鼎,2443074,179588263,74.80,75.00,73.00,73.00,-1.5,2246
6698,旭暉應材,7067449,381558439,55.10,55.30,53.20,54.00,-1.9,4671
6706,惠特,12025734,1496940837,122.50,128.50,119.00,128.50,11.5,7977
6715,嘉基,822952,162844387,193.50,202.50,192.00,200.00,8.5,776
6719,力智,661042,187394045,284.00,285.50,281.00,285.00,2.5,769
6742,澤米,340274,24950916,72.90,74.10,72.90,74.10,1.2,624
6743,安普新,335298,21573670,64.00,65.30,63.60,64.00,0.2,390
6753,龍德造船,6226594,877166519,145.00,146.50,137.50,138.50,-7.5,6009
6754,匯僑設計,39005,2519084,64.80,64.80,64.50,64.50,-0.1,50
6756,威鋒電子,157580,31808939,201.50,203.00,200.00,203.00,2.5,228
6757,台灣虎航-創,1358386,89849582,65.50,67.00,65.20,66.60,1.4,686
6768,志強-KY,399708,33385987,82.60,84.50,82.60,84.00,1.4,383
6770,力積電,11665887,312599002,26.95,27.20,26.65,26.80,-0.15,6302
6771,平和環保-創,87010,6046599,70.00,70.20,67.60,68.00,-2.0,48
6776,展碁國際,243235,15072894,61.80,62.50,61.20,61.90,1.1,192
6781,AES-KY,104176,64271499,623.00,623.00,614.00,615.00,-1.0,235
6782,視陽,1124625,324416463,281.50,291.50,281.50,290.50,7.5,1293
6789,采鈺,4665327,1692171008,352.00,370.00,352.00,366.00,13.0,5208
6790,永豐實,329385,18235432,54.70,56.00,54.70,55.80,1.0,551
6792,詠業,22297,1747081,78.50,78.50,78.20,78.40,0.2,35
6794,向榮生技-創,13000,1058400,82.80,82.80,80.30,81.70,-0.2,13
6796,晉弘,203985,19471318,97.90,97.90,94.40,94.90,-1.7,236
6799,來頡,543353,83879572,153.00,155.50,152.50,155.50,3.0,483
6805,富世達,2346275,1853672612,790.00,799.00,779.00,784.00,20.0,3432
6806,森崴能源,4805425,764355090,159.00,161.50,157.50,158.50,-1.0,4573
6807,峰源-KY,102080,6157411,59.70,60.70,59.60,60.50,0.8,139
6830,汎銓,370648,54696783,147.50,149.00,146.00,148.00,1.5,319
6834,天二科技,1981253,93613092,46.40,48.45,46.40,46.70,0.25,1341
6835,圓裕,128342,6677210,51.80,52.40,51.70,52.40,0.6,134
6854,錼創科技-KY創,58271,4304918,73.70,74.00,73.50,73.90,0.2,39
6861,睿生光電,120628,9926341,83.10,83.10,81.90,82.00,-1.1,911
6863,永道-KY,1022214,263033653,252.00,265.00,250.00,253.00,4.0,2224
6869,雲豹能源,1119493,287402045,259.00,259.50,251.50,256.50,0.0,1584
6873,泓德能源-創,1166854,261075734,212.00,232.00,212.00,221.00,9.0,759
6890,來億-KY,692298,207708460,300.50,306.00,292.50,302.50,3.5,977
6901,鑽石投資,4062876,182984948,44.50,45.55,44.50,44.85,0.55,1897
6902,走著瞧-創,5000,769000,155.00,155.50,152.00,155.50,1.0,5
6906,現觀科,66613,10264147,152.50,155.50,151.50,155.50,2.5,263
6914,阜爾運通,127857,20863315,162.50,164.00,162.50,163.00,-0.5,192
6916,華凌,107050,3054331,28.35,28.75,28.35,28.60,0.1,58
6928,攸泰科技,285087,25072426,87.20,88.60,87.20,87.80,0.7,309
6933,AMAX-KY,441935,150793545,334.00,348.00,334.00,342.00,9.5,641
6937,天虹,4106242,1124096214,266.00,281.50,263.50,272.50,16.5,3796
6949,沛爾生醫-創,23000,3008500,131.00,132.00,130.00,130.00,-2.0,18
6951,青新-創,87405,4783475,55.50,55.50,54.20,54.30,-0.6,71
6952,大武山,49392,2519309,51.30,51.30,50.90,50.90,-0.4,73
6957,裕慶-KY,1087443,254700474,250.50,250.50,225.50,238.50,-12.0,1272
8011,台通,6118672,157028961,25.10,26.00,25.05,25.95,1.05,2943
8016,矽創,821138,209033913,255.50,257.00,253.00,255.50,1.5,1044
8021,尖點,3930005,129595099,32.90,33.60,32.35,33.20,0.15,1840
8028,昇陽半導體,55115165,6504619784,116.00,121.50,114.00,121.50,11.0,36581
8033,雷虎,1375343,94252141,69.00,69.30,67.90,68.60,0.0,1156
8039,台虹,9516019,594093295,59.80,64.50,59.80,62.50,3.4,6443
8046,南電,1437791,264586739,185.00,186.00,183.00,183.50,0.0,1745
8070,長華*,3825682,173750163,45.00,45.80,44.80,45.35,0.7,2268
8072,陞泰,680688,22060183,31.60,33.25,31.50,32.55,1.05,493
8081,致新,886003,251457427,284.50,285.50,280.50,285.50,1.5,2262
8101,華冠,48427,167700,3.48,3.48,3.45,3.45,0.0,32
8103,瀚荃,1560243,96489625,62.40,62.60,61.30,61.30,-0.6,1352
8104,錸寶,22018050,1317734229,59.10,61.90,57.20,57.90,1.6,13274
8105,凌巨,8222300,139002056,16.60,17.15,16.45,17.10,0.55,3131
8110,華東,15252579,331029996,20.95,22.30,20.70,22.10,1.35,6365
8112,至上,12534529,1032502235,83.20,84.20,81.70,82.40,2.0,8433
8112A,至上甲特,6070,253600,41.85,41.85,41.80,41.80,0.0,19
8114,振樺電,601393,112230176,189.50,190.00,184.00,188.00,-1.5,600
8131,福懋科,229855,9014765,39.30,39.40,39.10,39.20,-0.1,248
8150,南茂,2420340,104060067,43.00,43.30,42.60,43.30,0.45,1345
8162,微矽電子-創,18000,693500,38.65,38.65,38.40,38.40,-0.25,16
8163,達方,4100039,248211416,61.80,61.90,59.40,60.10,-1.4,3840
8201,無敵,238323,4511084,18.60,19.20,18.60,18.85,0.3,153
8210,勤誠,2298812,685124089,293.50,302.00,291.50,302.00,9.0,2573
8213,志超,531705,20719387,38.90,39.15,38.75,39.00,0.05,354
8215,明基材,2032063,70203307,34.50,34.75,34.05,34.75,0.6,1241
8222,寶一,411947,18331236,44.70,44.75,44.25,44.55,-0.15,361
8249,菱光,749732,22166104,29.80,29.95,29.10,29.55,0.0,409
8261,富鼎,1084024,96051331,87.50,89.00,87.50,88.90,1.5,1035
8271,宇瞻,847918,55382622,65.80,66.40,64.70,64.80,0.1,868
8341,日友,66026,6496486,98.30,98.70,98.20,98.20,-0.3,171
8367,建新國際,326242,16499283,50.60,51.20,49.50,51.00,0.8,218
8374,羅昇,9520978,1224065935,125.50,131.00,125.00,131.00,11.5,6066
8404,百和興業-KY,337552,6903224,20.40,20.55,20.35,20.55,0.15,202
8411,福貞-KY,235641,3463456,14.50,14.85,14.50,14.75,0.25,198
8422,可寧衛,228051,41836652,183.50,184.00,183.00,184.00,0.5,346
8429,金麗-KY,2451810,25731959,10.05,10.65,10.00,10.60,0.55,2931
8438,昶昕,858826,36535295,42.45,43.10,41.95,42.40,0.05,706
8442,威宏-KY,317211,34779672,111.50,111.50,109.00,109.00,-3.0,272
8443,阿瘦,127783,1556498,12.15,12.20,12.10,12.20,0.1,193
8454,富邦媒,539548,222291302,415.00,416.00,410.00,412.00,-2.0,2915
8462,柏文,80288,9389272,117.00,118.00,116.50,117.00,0.0,128
8463,潤泰材,210755,6241723,30.15,30.15,29.35,29.45,-0.35,207
8464,億豐,732835,289401954,395.00,403.00,388.00,391.00,-4.0,815
8466,美吉吉-KY,214161,12915063,61.00,61.50,59.80,59.90,-1.1,139
8467,波力-KY,960271,180809604,180.00,194.00,180.00,186.50,7.0,860
8473,山林水,6747705,324765117,46.35,49.40,46.05,48.80,2.5,4341
8476,台境,149155,9581005,64.10,64.90,63.90,64.30,0.2,242
8478,東哥遊艇,1113866,452196169,398.50,415.00,398.00,398.50,1.0,1608
8481,政伸,19390,1007380,51.90,52.10,51.80,52.00,-0.2,25
8482,商億-KY,2016,130816,64.90,64.90,64.90,64.90,0.4,6
8487,愛爾達-創,27100,2280780,84.80,84.80,83.60,84.00,-0.8,24
8488,吉源-KY,99098,1621245,16.30,16.60,16.25,16.25,0.15,60
8499,鼎炫-KY,43933,5318969,120.50,121.50,120.50,121.00,0.0,81
8926,台汽電,1864439,86390008,46.30,46.80,46.05,46.05,-0.15,1731
8940,新天地,489343,12960308,26.20,26.70,26.20,26.65,0.95,316
8996,高力,2898993,1407628747,485.00,494.00,478.00,490.00,7.5,6645
9103,美德醫療-DR,5153067,41906084,7.90,8.30,7.85,8.02,0.24,1760
910322,康師傅-DR,228950,4855938,20.40,21.75,20.40,21.15,0.75,139
9105,泰金寶-DR,73022046,466484573,6.12,6.60,6.08,6.60,0.6,10840
910861,神州-DR,47308,313733,6.63,6.69,6.58,6.62,-0.01,37
9110,越南控-DR,88000,639270,7.25,7.33,7.25,7.33,-0.06,29
911608,明輝-DR,771947,3598960,4.53,4.75,4.39,4.69,0.36,324
911622,泰聚亨-DR,371291,2123062,5.71,5.86,5.61,5.77,0.06,96
911868,同方友友-DR,2207281,4115594,1.83,1.92,1.77,1.90,0.15,630
912000,晨訊科-DR,10810414,45186481,4.07,4.32,3.99,4.23,0.21,2062
9136,巨騰-DR,2042785,16474948,8.02,8.22,7.96,7.97,0.06,622
9802,鈺齊-KY,180484,21299883,118.00,119.50,117.50,117.50,-0.5,222
9902,台火,316495,5219373,16.50,16.70,16.35,16.70,0.3,219
9904,寶成,4555989,160737322,35.60,35.75,35.15,35.20,-0.4,2379
9905,大華,207960,5113484,24.60,24.60,24.55,24.60,0.1,118
9906,欣巴巴,1242453,129306491,99.00,108.50,98.60,107.00,8.0,1268
9907,統一實,2401830,37316852,15.40,15.65,15.40,15.55,0.15,946
9908,大台北,61231,1991257,32.40,32.60,32.40,32.55,0.0,62
9910,豐泰,810195,114888979,142.50,142.50,141.00,142.00,0.0,1050
9911,櫻花,184795,16478866,88.60,89.60,88.50,89.30,0.7,297
9912,偉聯,569745,7829323,13.40,14.60,13.30,14.20,0.8,357
9914,美利達,738424,160911004,217.50,220.50,214.50,217.50,1.0,825
9917,中保科,220567,29157478,132.50,133.00,131.50,131.50,-1.0,253
9918,欣天然,2193,91631,41.80,41.80,41.75,41.75,0.05,13
9919,康那香,1060098,24357003,22.90,23.05,22.85,23.00,0.25,599
9921,巨大,1370143,289774405,209.00,213.00,208.50,212.00,3.0,1065
9924,福興,154030,8164906,53.10,53.20,52.90,53.00,-0.1,251
9925,新保,85819,3637917,42.50,42.50,42.25,42.40,-0.1,103
9926,新海,3064,167420,54.70,54.70,54.60,54.60,-0.4,6
9927,泰銘,138112,10764050,77.70,78.20,77.60,78.00,0.4,161
9928,中視,2811765,71096837,25.30,26.15,24.40,25.30,1.4,2056
9929,秋雨,547,8696,,,,,0.0,3
9930,中聯資源,151759,10024578,66.20,66.30,65.90,66.00,-0.2,134
9931,欣高,37008,1334546,36.15,36.20,35.90,35.90,-0.3,48
9933,中鼎,5813489,318553422,54.20,55.20,53.60,54.60,1.0,3856
9934,成霖,1796756,32769369,18.00,18.40,18.00,18.30,0.35,719
9935,慶豐富,477205,12754814,27.00,27.10,26.55,26.60,-0.4,387
9937,全國,5102,343571,67.20,67.40,67.20,67.40,0.0,7
9938,百和,1661760,102687849,62.00,62.50,61.20,62.50,0.8,1243
9939,宏全,1392049,232807655,169.00,170.00,165.50,165.50,-2.0,1753
9940,信義,419830,13769157,33.00,33.05,32.70,32.85,-0.15,527
9941,裕融,916647,135921328,147.50,149.00,147.00,149.00,2.0,1461
9941A,裕融甲特,74000,3788800,51.20,51.20,51.20,51.20,0.1,17
9942,茂順,269978,35273622,129.50,131.50,129.50,131.00,1.5,282
9943,好樂迪,191568,16323106,85.60,85.60,84.90,85.60,0.0,319
9944,新麗,231963,5230205,22.55,22.80,22.45,22.65,0.1,141
9945,潤泰新,5676017,254485958,45.30,45.40,44.55,44.65,-0.5,3389
9946,三發地產,1078814,45883254,42.40,43.00,42.15,42.15,-0.4,1083
9955,佳龍,2445512,86170036,34.55,35.65,34.55,35.30,0.55,1805
9958,世紀鋼,7835027,2342750957,297.00,304.50,295.00,295.00,1.0,7468
